Rank,Player,Pos,Team,Tier,Confidence,League-fit notes,Origin,Source URL
1,Shohei Ohtani,TWP,LAD,Cornerstone,Higher,,Overall dynasty,https://fantraxhq.com/fantasy-baseball-dynasty-rankings/
2,Bobby Witt Jr.,SS,KC,Cornerstone,Higher,,Overall dynasty,https://fantraxhq.com/fantasy-baseball-dynasty-rankings/
3,Ronald Acuna Jr.,RF,ATL,Cornerstone,Higher,,Overall dynasty,https://fantraxhq.com/fantasy-baseball-dynasty-rankings/
4,Aaron Judge,RF,NYY,Cornerstone,Higher,,Overall dynasty,https://fantraxhq.com/fantasy-baseball-dynasty-rankings/
5,Tarik Skubal,SP,DET,Cornerstone,Higher,,Overall dynasty,https://fantraxhq.com/fantasy-baseball-dynasty-rankings/
6,Paul Skenes,SP,PIT,Cornerstone,Higher,,Overall dynasty,https://fantraxhq.com/fantasy-baseball-dynasty-rankings/
7,Juan Soto,RF,NYM,Cornerstone,Higher,,Overall dynasty,https://fantraxhq.com/fantasy-baseball-dynasty-rankings/
8,Corbin Carroll,RF,AZ,Cornerstone,Higher,,Overall dynasty,https://fantraxhq.com/fantasy-baseball-dynasty-rankings/
9,Julio Rodriguez,CF,SEA,Cornerstone,Higher,,Overall dynasty,https://fantraxhq.com/fantasy-baseball-dynasty-rankings/
10,Elly De La Cruz,SS,CIN,Cornerstone,Higher,,Overall dynasty,https://fantraxhq.com/fantasy-baseball-dynasty-rankings/
11,Garrett Crochet,SP,BOS,Cornerstone,Higher,,Overall dynasty,https://fantraxhq.com/fantasy-baseball-dynasty-rankings/
12,Jackson Chourio,CF,MIL,Cornerstone,Higher,,Overall dynasty,https://fantraxhq.com/fantasy-baseball-dynasty-rankings/
13,Jose Ramirez,3B,CLE,Cornerstone,Higher,,Overall dynasty,https://fantraxhq.com/fantasy-baseball-dynasty-rankings/
14,Junior Caminero,3B,TB,Cornerstone,Higher,,Overall dynasty,https://fantraxhq.com/fantasy-baseball-dynasty-rankings/
15,Fernando Tatis Jr.,RF,SD,Cornerstone,Higher,,Overall dynasty,https://fantraxhq.com/fantasy-baseball-dynasty-rankings/
16,Cal Raleigh,C,SEA,Cornerstone,Higher,C2 boost,Overall dynasty,https://fantraxhq.com/fantasy-baseball-dynasty-rankings/
17,Nick Kurtz,1B,ATH,Cornerstone,Higher,,Overall dynasty,https://fantraxhq.com/fantasy-baseball-dynasty-rankings/
18,Vladimir Guerrero Jr.,1B,TOR,Cornerstone,Higher,,Overall dynasty,https://fantraxhq.com/fantasy-baseball-dynasty-rankings/
19,Kyle Tucker,RF,FA,Cornerstone,Higher,,Overall dynasty,https://fantraxhq.com/fantasy-baseball-dynasty-rankings/
20,James Wood,LF,WSH,Cornerstone,Higher,,Overall dynasty,https://fantraxhq.com/fantasy-baseball-dynasty-rankings/
21,Gunnar Henderson,SS,BAL,Cornerstone,Higher,,Overall dynasty,https://fantraxhq.com/fantasy-baseball-dynasty-rankings/
22,Roman Anthony,RF,BOS,Cornerstone,Higher,,Overall dynasty,https://fantraxhq.com/fantasy-baseball-dynasty-rankings/
23,Francisco Lindor,SS,NYM,Cornerstone,Higher,,Overall dynasty,https://fantraxhq.com/fantasy-baseball-dynasty-rankings/
24,Hunter Brown,SP,HOU,Cornerstone,Higher,QA3 fit,Overall dynasty,https://fantraxhq.com/fantasy-baseball-dynasty-rankings/
25,Yoshinobu Yamamoto,SP,LAD,Franchise core,Higher,,Overall dynasty,https://fantraxhq.com/fantasy-baseball-dynasty-rankings/
26,Kyle Schwarber,LF,PHI,Franchise core,Higher,OPS fit,Overall dynasty,https://fantraxhq.com/fantasy-baseball-dynasty-rankings/
27,Jazz Chisholm Jr.,2B,NYY,Franchise core,Higher,,Overall dynasty,https://fantraxhq.com/fantasy-baseball-dynasty-rankings/
28,Logan Gilbert,SP,SEA,Franchise core,Higher,,Overall dynasty,https://fantraxhq.com/fantasy-baseball-dynasty-rankings/
29,Wyatt Langford,LF,TEX,Franchise core,Higher,,Overall dynasty,https://fantraxhq.com/fantasy-baseball-dynasty-rankings/
30,Ketel Marte,2B,AZ,Franchise core,Higher,,Overall dynasty,https://fantraxhq.com/fantasy-baseball-dynasty-rankings/
31,Yordan Alvarez,LF,HOU,Franchise core,Higher,,Overall dynasty,https://fantraxhq.com/fantasy-baseball-dynasty-rankings/
32,Pete Alonso,1B,BAL,Franchise core,Higher,OPS fit,Overall dynasty,https://fantraxhq.com/fantasy-baseball-dynasty-rankings/
33,Zach Neto,SS,LAA,Franchise core,Higher,,Overall dynasty,https://fantraxhq.com/fantasy-baseball-dynasty-rankings/
34,Cristopher Sanchez,SP,PHI,Franchise core,Higher,QA3 fit,Overall dynasty,https://fantraxhq.com/fantasy-baseball-dynasty-rankings/
35,Pete Crow-Armstrong,CF,CHC,Franchise core,Higher,,Overall dynasty,https://fantraxhq.com/fantasy-baseball-dynasty-rankings/
36,Rafael Devers,DH,SF,Franchise core,Higher,,Overall dynasty,https://fantraxhq.com/fantasy-baseball-dynasty-rankings/
37,Mason Miller,RP,SD,Franchise core,Higher,SVH boost,Overall dynasty,https://fantraxhq.com/fantasy-baseball-dynasty-rankings/
38,Trea Turner,SS,PHI,Franchise core,Higher,,Overall dynasty,https://fantraxhq.com/fantasy-baseball-dynasty-rankings/
39,Riley Greene,LF,DET,Franchise core,Higher,,Overall dynasty,https://fantraxhq.com/fantasy-baseball-dynasty-rankings/
40,Matt Olson,1B,ATL,Franchise core,Higher,OPS fit,Overall dynasty,https://fantraxhq.com/fantasy-baseball-dynasty-rankings/
41,Hunter Greene,SP,CIN,Franchise core,Higher,,Overall dynasty,https://fantraxhq.com/fantasy-baseball-dynasty-rankings/
42,Bryce Harper,1B,PHI,Franchise core,Higher,,Overall dynasty,https://fantraxhq.com/fantasy-baseball-dynasty-rankings/
43,Konnor Griffin,SS,PIT,Franchise core,Higher,Deep minors,Overall dynasty,https://fantraxhq.com/fantasy-baseball-dynasty-rankings/
44,Jackson Merrill,CF,SD,Franchise core,Higher,,Overall dynasty,https://fantraxhq.com/fantasy-baseball-dynasty-rankings/
45,Manny Machado,3B,SD,Franchise core,Higher,,Overall dynasty,https://fantraxhq.com/fantasy-baseball-dynasty-rankings/
46,Mookie Betts,SS,LAD,Franchise core,Higher,,Overall dynasty,https://fantraxhq.com/fantasy-baseball-dynasty-rankings/
47,CJ Abrams,SS,WSH,Franchise core,Higher,,Overall dynasty,https://fantraxhq.com/fantasy-baseball-dynasty-rankings/
48,Eury Perez,SP,MIA,Franchise core,Higher,,Overall dynasty,https://fantraxhq.com/fantasy-baseball-dynasty-rankings/
49,Brent Rooker,RF,ATH,Franchise core,Higher,OPS fit,Overall dynasty,https://fantraxhq.com/fantasy-baseball-dynasty-rankings/
50,Cole Ragans,SP,KC,Franchise core,Higher,,Overall dynasty,https://fantraxhq.com/fantasy-baseball-dynasty-rankings/
51,Kevin McGonigle,SS,DET,Franchise core,Higher,Deep minors,Overall dynasty,https://fantraxhq.com/fantasy-baseball-dynasty-rankings/
52,Jesus Made,SS,MIL,Franchise core,Higher,Deep minors,Overall dynasty,https://fantraxhq.com/fantasy-baseball-dynasty-rankings/
53,Leodalis De Vries,SS,OAK,Franchise core,Higher,Deep minors,Overall dynasty,https://fantraxhq.com/fantasy-baseball-dynasty-rankings/
54,William Contreras,C,MIL,Franchise core,Higher,C2 boost,Overall dynasty,https://fantraxhq.com/fantasy-baseball-dynasty-rankings/
55,Andres Munoz,RP,SEA,Franchise core,Higher,SVH boost,Overall dynasty,https://fantraxhq.com/fantasy-baseball-dynasty-rankings/
56,Spencer Schwellenbach,SP,ATL,Franchise core,Higher,,Overall dynasty,https://fantraxhq.com/fantasy-baseball-dynasty-rankings/
57,Josh Naylor,1B,SEA,Franchise core,Higher,OPS fit,Overall dynasty,https://fantraxhq.com/fantasy-baseball-dynasty-rankings/
58,Bryan Woo,SP,SEA,Franchise core,Higher,QA3 fit,Overall dynasty,https://fantraxhq.com/fantasy-baseball-dynasty-rankings/
59,Joe Ryan,SP,MIN,Franchise core,Higher,QA3 fit,Overall dynasty,https://fantraxhq.com/fantasy-baseball-dynasty-rankings/
60,George Kirby,SP,SEA,Franchise core,Higher,QA3 fit,Overall dynasty,https://fantraxhq.com/fantasy-baseball-dynasty-rankings/
61,Max Fried,SP,NYY,Top-120,Higher,QA3 fit,Overall dynasty,https://fantraxhq.com/fantasy-baseball-dynasty-rankings/
62,Jeremy Pena,SS,HOU,Top-120,Higher,,Overall dynasty,https://fantraxhq.com/fantasy-baseball-dynasty-rankings/
63,Austin Riley,3B,ATL,Top-120,Higher,,Overall dynasty,https://fantraxhq.com/fantasy-baseball-dynasty-rankings/
64,Corey Seager,SS,TEX,Top-120,Higher,,Overall dynasty,https://fantraxhq.com/fantasy-baseball-dynasty-rankings/
65,Seiya Suzuki,RF,CHC,Top-120,Higher,,Overall dynasty,https://fantraxhq.com/fantasy-baseball-dynasty-rankings/
66,Samuel Basallo,C,BAL,Top-120,Higher,C2 boost,Overall dynasty,https://fantraxhq.com/fantasy-baseball-dynasty-rankings/
67,Sebastian Walcott,SS,TEX,Top-120,Higher,Deep minors,Overall dynasty,https://fantraxhq.com/fantasy-baseball-dynasty-rankings/
68,Geraldo Perdomo,SS,AZ,Top-120,Higher,,Overall dynasty,https://fantraxhq.com/fantasy-baseball-dynasty-rankings/
69,Bo Bichette,SS,FA,Top-120,Higher,,Overall dynasty,https://fantraxhq.com/fantasy-baseball-dynasty-rankings/
70,Freddy Peralta,SP,MIL,Top-120,Higher,,Overall dynasty,https://fantraxhq.com/fantasy-baseball-dynasty-rankings/
71,Cody Bellinger,LF,FA,Top-120,Higher,,Overall dynasty,https://fantraxhq.com/fantasy-baseball-dynasty-rankings/
72,Alex Bregman,3B,FA,Top-120,Higher,,Overall dynasty,https://fantraxhq.com/fantasy-baseball-dynasty-rankings/
73,Logan Webb,SP,SF,Top-120,Higher,QA3 fit,Overall dynasty,https://fantraxhq.com/fantasy-baseball-dynasty-rankings/
74,Tyler Soderstrom,LF,ATH,Top-120,Higher,OPS fit,Overall dynasty,https://fantraxhq.com/fantasy-baseball-dynasty-rankings/
75,Jackson Holliday,2B,BAL,Top-120,Higher,,Overall dynasty,https://fantraxhq.com/fantasy-baseball-dynasty-rankings/
76,Spencer Strider,SP,ATL,Top-120,Higher,,Overall dynasty,https://fantraxhq.com/fantasy-baseball-dynasty-rankings/
77,Jarren Duran,LF,BOS,Top-120,Higher,,Overall dynasty,https://fantraxhq.com/fantasy-baseball-dynasty-rankings/
78,Jhoan Duran,RP,PHI,Top-120,Higher,SVH boost,Overall dynasty,https://fantraxhq.com/fantasy-baseball-dynasty-rankings/
79,Blake Snell,SP,LAD,Top-120,Higher,,Overall dynasty,https://fantraxhq.com/fantasy-baseball-dynasty-rankings/
80,Maikel Garcia,3B,KC,Top-120,Higher,OPS drag,Overall dynasty,https://fantraxhq.com/fantasy-baseball-dynasty-rankings/
81,Michael Busch,1B,CHC,Top-120,Higher,,Overall dynasty,https://fantraxhq.com/fantasy-baseball-dynasty-rankings/
82,Brice Turang,2B,MIL,Top-120,Higher,OPS drag,Overall dynasty,https://fantraxhq.com/fantasy-baseball-dynasty-rankings/
83,Jacob deGrom,SP,TEX,Top-120,Higher,,Overall dynasty,https://fantraxhq.com/fantasy-baseball-dynasty-rankings/
84,Shea Langeliers,C,ATH,Top-120,Higher,C2 boost; OPS fit,Overall dynasty,https://fantraxhq.com/fantasy-baseball-dynasty-rankings/
85,Edwin Diaz,RP,LAD,Top-120,Higher,SVH boost,Overall dynasty,https://fantraxhq.com/fantasy-baseball-dynasty-rankings/
86,Freddie Freeman,1B,LAD,Top-120,Higher,,Overall dynasty,https://fantraxhq.com/fantasy-baseball-dynasty-rankings/
87,Agustin Ramirez,C,MIA,Top-120,Higher,C2 boost,Overall dynasty,https://fantraxhq.com/fantasy-baseball-dynasty-rankings/
88,Vinnie Pasquantino,1B,KC,Top-120,Higher,,Overall dynasty,https://fantraxhq.com/fantasy-baseball-dynasty-rankings/
89,Chris Sale,SP,ATL,Top-120,Higher,,Overall dynasty,https://fantraxhq.com/fantasy-baseball-dynasty-rankings/
90,Chase Burns,SP,CIN,Top-120,Higher,,Overall dynasty,https://fantraxhq.com/fantasy-baseball-dynasty-rankings/
91,Ben Rice,1B,NYY,Top-120,Higher,OPS fit,Overall dynasty,https://fantraxhq.com/fantasy-baseball-dynasty-rankings/
92,Dylan Cease,SP,TOR,Top-120,Higher,,Overall dynasty,https://fantraxhq.com/fantasy-baseball-dynasty-rankings/
93,Colt Emerson,SS,SEA,Top-120,Higher,Deep minors,Overall dynasty,https://fantraxhq.com/fantasy-baseball-dynasty-rankings/
94,JJ Wetherholt,SS,STL,Top-120,Higher,Deep minors,Overall dynasty,https://fantraxhq.com/fantasy-baseball-dynasty-rankings/
95,Drake Baldwin,C,ATL,Top-120,Higher,C2 boost,Overall dynasty,https://fantraxhq.com/fantasy-baseball-dynasty-rankings/
96,Byron Buxton,CF,MIN,Top-120,Higher,,Overall dynasty,https://fantraxhq.com/fantasy-baseball-dynasty-rankings/
97,Oneil Cruz,CF,PIT,Top-120,Higher,,Overall dynasty,https://fantraxhq.com/fantasy-baseball-dynasty-rankings/
98,Jesus Luzardo,SP,PHI,Top-120,Higher,,Overall dynasty,https://fantraxhq.com/fantasy-baseball-dynasty-rankings/
99,Jordan Westburg,3B,BAL,Top-120,Higher,,Overall dynasty,https://fantraxhq.com/fantasy-baseball-dynasty-rankings/
100,Hunter Goodman,C,COL,Top-120,Higher,C2 boost; OPS fit,Overall dynasty,https://fantraxhq.com/fantasy-baseball-dynasty-rankings/
101,Cade Smith,RP,CLE,Top-120,Higher,SVH boost,Overall dynasty,https://fantraxhq.com/fantasy-baseball-dynasty-rankings/
102,Tyler Glasnow,SP,LAD,Top-120,Higher,,Overall dynasty,https://fantraxhq.com/fantasy-baseball-dynasty-rankings/
103,Lawrence Butler,RF,ATH,Top-120,Higher,,Overall dynasty,https://fantraxhq.com/fantasy-baseball-dynasty-rankings/
104,Andy Pages,CF,LAD,Top-120,Higher,,Overall dynasty,https://fantraxhq.com/fantasy-baseball-dynasty-rankings/
105,Jacob Misiorowski,SP,MIL,Top-120,Higher,,Overall dynasty,https://fantraxhq.com/fantasy-baseball-dynasty-rankings/
106,Framber Valdez,SP,FA,Top-120,Higher,QA3 fit,Overall dynasty,https://fantraxhq.com/fantasy-baseball-dynasty-rankings/
107,Nolan McLean,SP,NYM,Top-120,Higher,Deep minors,Overall dynasty,https://fantraxhq.com/fantasy-baseball-dynasty-rankings/
108,Bryce Eldridge,1B,SF,Top-120,Higher,OPS fit; Deep minors,Overall dynasty,https://fantraxhq.com/fantasy-baseball-dynasty-rankings/
109,Kyle Stowers,LF,MIA,Top-120,Higher,,Overall dynasty,https://fantraxhq.com/fantasy-baseball-dynasty-rankings/
110,Max Clark,OF,DET,Top-120,Higher,Deep minors,Overall dynasty,https://fantraxhq.com/fantasy-baseball-dynasty-rankings/
111,Randy Arozarena,LF,SEA,Top-120,Higher,,Overall dynasty,https://fantraxhq.com/fantasy-baseball-dynasty-rankings/
112,Will Smith,C,LAD,Top-120,Higher,C2 boost,Overall dynasty,https://fantraxhq.com/fantasy-baseball-dynasty-rankings/
113,Walker Jenkins,OF,MIN,Top-120,Higher,Deep minors,Overall dynasty,https://fantraxhq.com/fantasy-baseball-dynasty-rankings/
114,Isaac Paredes,3B,HOU,Top-120,Higher,,Overall dynasty,https://fantraxhq.com/fantasy-baseball-dynasty-rankings/
115,Michael Harris II,CF,ATL,Top-120,Higher,,Overall dynasty,https://fantraxhq.com/fantasy-baseball-dynasty-rankings/
116,Willy Adames,SS,SF,Top-120,Higher,,Overall dynasty,https://fantraxhq.com/fantasy-baseball-dynasty-rankings/
117,Christian Yelich,LF,MIL,Top-120,Higher,,Overall dynasty,https://fantraxhq.com/fantasy-baseball-dynasty-rankings/
118,Luke Keaschall,2B,MIN,Top-120,Higher,,Overall dynasty,https://fantraxhq.com/fantasy-baseball-dynasty-rankings/
119,Michael King,SP,SD,Top-120,Higher,QA3 fit,Overall dynasty,https://fantraxhq.com/fantasy-baseball-dynasty-rankings/
120,Josh Hader,RP,HOU,Top-120,Higher,SVH boost,Overall dynasty,https://fantraxhq.com/fantasy-baseball-dynasty-rankings/
121,Matt Shaw,3B,CHC,Core keeper,Higher,,Overall dynasty,https://fantraxhq.com/fantasy-baseball-dynasty-rankings/
122,Zack Wheeler,SP,PHI,Core keeper,Higher,QA3 fit,Overall dynasty,https://fantraxhq.com/fantasy-baseball-dynasty-rankings/
123,Kyle Bradish,SP,BAL,Core keeper,Higher,,Overall dynasty,https://fantraxhq.com/fantasy-baseball-dynasty-rankings/
124,Bubba Chandler,SP,PIT,Core keeper,Higher,Deep minors,Overall dynasty,https://fantraxhq.com/fantasy-baseball-dynasty-rankings/
125,Nick Pivetta,SP,SD,Core keeper,Higher,QA3 fit,Overall dynasty,https://fantraxhq.com/fantasy-baseball-dynasty-rankings/
126,Spencer Torkelson,1B,DET,Core keeper,Higher,,Overall dynasty,https://fantraxhq.com/fantasy-baseball-dynasty-rankings/
127,Pablo Lopez,SP,MIN,Core keeper,Higher,QA3 fit,Overall dynasty,https://fantraxhq.com/fantasy-baseball-dynasty-rankings/
128,MacKenzie Gore,SP,WSH,Core keeper,Higher,,Overall dynasty,https://fantraxhq.com/fantasy-baseball-dynasty-rankings/
129,Mike Trout,RF,LAA,Core keeper,Higher,,Overall dynasty,https://fantraxhq.com/fantasy-baseball-dynasty-rankings/
130,Ceddanne Rafaela,CF,BOS,Core keeper,Higher,OPS drag,Overall dynasty,https://fantraxhq.com/fantasy-baseball-dynasty-rankings/
131,Emmet Sheehan,SP,LAD,Core keeper,Higher,,Overall dynasty,https://fantraxhq.com/fantasy-baseball-dynasty-rankings/
132,Nick Lodolo,SP,CIN,Core keeper,Higher,,Overall dynasty,https://fantraxhq.com/fantasy-baseball-dynasty-rankings/
133,Jacob Wilson,SS,ATH,Core keeper,Higher,,Overall dynasty,https://fantraxhq.com/fantasy-baseball-dynasty-rankings/
134,Trey Yesavage,SP,TOR,Core keeper,Higher,Deep minors,Overall dynasty,https://fantraxhq.com/fantasy-baseball-dynasty-rankings/
135,Addison Barger,3B,TOR,Core keeper,Higher,,Overall dynasty,https://fantraxhq.com/fantasy-baseball-dynasty-rankings/
136,Jac Caglianone,RF,KC,Core keeper,Higher,Deep minors,Overall dynasty,https://fantraxhq.com/fantasy-baseball-dynasty-rankings/
137,Roki Sasaki,SP,LAD,Core keeper,Higher,,Overall dynasty,https://fantraxhq.com/fantasy-baseball-dynasty-rankings/
138,Jose Altuve,LF,HOU,Core keeper,Higher,,Overall dynasty,https://fantraxhq.com/fantasy-baseball-dynasty-rankings/
139,Jo Adell,CF,LAA,Core keeper,Higher,,Overall dynasty,https://fantraxhq.com/fantasy-baseball-dynasty-rankings/
140,Jonathan Aranda,1B,TB,Core keeper,Higher,OPS fit,Overall dynasty,https://fantraxhq.com/fantasy-baseball-dynasty-rankings/
141,Sandy Alcantara,SP,MIA,Core keeper,Higher,,Overall dynasty,https://fantraxhq.com/fantasy-baseball-dynasty-rankings/
142,Teoscar Hernandez,RF,LAD,Core keeper,Higher,,Overall dynasty,https://fantraxhq.com/fantasy-baseball-dynasty-rankings/
143,Nico Hoerner,2B,CHC,Core keeper,Higher,,Overall dynasty,https://fantraxhq.com/fantasy-baseball-dynasty-rankings/
144,Ryan Pepiot,SP,TB,Core keeper,Higher,,Overall dynasty,https://fantraxhq.com/fantasy-baseball-dynasty-rankings/
145,Ivan Herrera,C,STL,Core keeper,Higher,C2 boost,Overall dynasty,https://fantraxhq.com/fantasy-baseball-dynasty-rankings/
146,Eugenio Suarez,3B,SEA,Core keeper,Higher,,Overall dynasty,https://fantraxhq.com/fantasy-baseball-dynasty-rankings/
147,Heliot Ramos,LF,SF,Core keeper,Higher,,Overall dynasty,https://fantraxhq.com/fantasy-baseball-dynasty-rankings/
148,Matt Chapman,3B,SF,Core keeper,Higher,,Overall dynasty,https://fantraxhq.com/fantasy-baseball-dynasty-rankings/
149,Aidan Miller,SS,PHI,Core keeper,Higher,Deep minors,Overall dynasty,https://fantraxhq.com/fantasy-baseball-dynasty-rankings/
150,Carson Benge,OF,NYM,Core keeper,Higher,Deep minors,Overall dynasty,https://fantraxhq.com/fantasy-baseball-dynasty-rankings/
151,Gavin Williams,SP,CLE,Core keeper,Higher,,Overall dynasty,https://fantraxhq.com/fantasy-baseball-dynasty-rankings/
152,Sal Stewart,3B,CIN,Core keeper,Higher,Deep minors,Overall dynasty,https://fantraxhq.com/fantasy-baseball-dynasty-rankings/
153,Luis Pena,SS,MIL,Core keeper,Higher,Deep minors,Overall dynasty,https://fantraxhq.com/fantasy-baseball-dynasty-rankings/
154,Devin Williams,RP,NYM,Core keeper,Higher,SVH boost,Overall dynasty,https://fantraxhq.com/fantasy-baseball-dynasty-rankings/
155,Jackson Jobe,SP,DET,Core keeper,Higher,,Overall dynasty,https://fantraxhq.com/fantasy-baseball-dynasty-rankings/
156,George Lombard,SS,NYY,Core keeper,Higher,Deep minors,Overall dynasty,https://fantraxhq.com/fantasy-baseball-dynasty-rankings/
157,Jared Jones,SP,PIT,Core keeper,Higher,,Overall dynasty,https://fantraxhq.com/fantasy-baseball-dynasty-rankings/
158,Luis Robert Jr.,CF,CWS,Core keeper,Higher,,Overall dynasty,https://fantraxhq.com/fantasy-baseball-dynasty-rankings/
159,Travis Bazzana,2B,CLE,Core keeper,Higher,Deep minors,Overall dynasty,https://fantraxhq.com/fantasy-baseball-dynasty-rankings/
160,Drew Rasmussen,SP,TB,Core keeper,Higher,,Overall dynasty,https://fantraxhq.com/fantasy-baseball-dynasty-rankings/
161,Tatsuya Imai,SP,FA,Core keeper,Higher,,Overall dynasty,https://fantraxhq.com/fantasy-baseball-dynasty-rankings/
162,Cam Schlittler,SP,NYY,Core keeper,Higher,,Overall dynasty,https://fantraxhq.com/fantasy-baseball-dynasty-rankings/
163,Thomas White,SP,MIA,Core keeper,Higher,Deep minors,Overall dynasty,https://fantraxhq.com/fantasy-baseball-dynasty-rankings/
164,Raisel Iglesias,RP,ATL,Core keeper,Higher,SVH boost,Overall dynasty,https://fantraxhq.com/fantasy-baseball-dynasty-rankings/
165,Royce Lewis,3B,MIN,Core keeper,Higher,,Overall dynasty,https://fantraxhq.com/fantasy-baseball-dynasty-rankings/
166,Shane Baz,SP,TB,Core keeper,Higher,,Overall dynasty,https://fantraxhq.com/fantasy-baseball-dynasty-rankings/
167,Eduardo Quintero,OF,LAD,Core keeper,Higher,,Overall dynasty,https://fantraxhq.com/fantasy-baseball-dynasty-rankings/
168,Adley Rutschman,C,BAL,Core keeper,Higher,C2 boost,Overall dynasty,https://fantraxhq.com/fantasy-baseball-dynasty-rankings/
169,Ozzie Albies,2B,ATL,Core keeper,Higher,,Overall dynasty,https://fantraxhq.com/fantasy-baseball-dynasty-rankings/
170,Robbie Ray,SP,SF,Core keeper,Higher,,Overall dynasty,https://fantraxhq.com/fantasy-baseball-dynasty-rankings/
171,Jasson Dominguez,LF,NYY,Core keeper,Higher,,Overall dynasty,https://fantraxhq.com/fantasy-baseball-dynasty-rankings/
172,Steven Kwan,LF,CLE,Core keeper,Higher,,Overall dynasty,https://fantraxhq.com/fantasy-baseball-dynasty-rankings/
173,Bryce Miller,SP,SEA,Core keeper,Higher,,Overall dynasty,https://fantraxhq.com/fantasy-baseball-dynasty-rankings/
174,Kris Bubic,SP,KC,Core keeper,Higher,,Overall dynasty,https://fantraxhq.com/fantasy-baseball-dynasty-rankings/
175,Bryce Rainer,SS,DET,Core keeper,Higher,Deep minors,Overall dynasty,https://fantraxhq.com/fantasy-baseball-dynasty-rankings/
176,Noelvi Marte,3B,CIN,Core keeper,Higher,,Overall dynasty,https://fantraxhq.com/fantasy-baseball-dynasty-rankings/
177,Carlos Rodon,SP,NYY,Core keeper,Higher,,Overall dynasty,https://fantraxhq.com/fantasy-baseball-dynasty-rankings/
178,Shota Imanaga,SP,CHC,Core keeper,Higher,,Overall dynasty,https://fantraxhq.com/fantasy-baseball-dynasty-rankings/
179,Kerry Carpenter,RF,DET,Core keeper,Higher,,Overall dynasty,https://fantraxhq.com/fantasy-baseball-dynasty-rankings/
180,Payton Tolle,SP,BOS,Core keeper,Higher,Deep minors,Overall dynasty,https://fantraxhq.com/fantasy-baseball-dynasty-rankings/
181,Shane Bieber,SP,TOR,Core keeper,Higher,,Overall dynasty,https://fantraxhq.com/fantasy-baseball-dynasty-rankings/
182,Dylan Crews,RF,WSH,Core keeper,Higher,,Overall dynasty,https://fantraxhq.com/fantasy-baseball-dynasty-rankings/
183,Kyle Manzardo,1B,CLE,Core keeper,Higher,OPS fit,Overall dynasty,https://fantraxhq.com/fantasy-baseball-dynasty-rankings/
184,Edward Cabrera,SP,MIA,Core keeper,Higher,,Overall dynasty,https://fantraxhq.com/fantasy-baseball-dynasty-rankings/
185,Grayson Rodriguez,SP,LAA,Core keeper,Higher,,Overall dynasty,https://fantraxhq.com/fantasy-baseball-dynasty-rankings/
186,Ranger Suarez,SP,PHI,Core keeper,Higher,QA3 fit,Overall dynasty,https://fantraxhq.com/fantasy-baseball-dynasty-rankings/
187,Kevin Gausman,SP,TOR,Core keeper,Higher,,Overall dynasty,https://fantraxhq.com/fantasy-baseball-dynasty-rankings/
188,Luis Castillo,SP,SEA,Core keeper,Higher,,Overall dynasty,https://fantraxhq.com/fantasy-baseball-dynasty-rankings/
189,Josue De Paula,CF,LAD,Core keeper,Higher,Deep minors,Overall dynasty,https://fantraxhq.com/fantasy-baseball-dynasty-rankings/
190,Kristian Campbell,2B,BOS,Core keeper,Higher,,Overall dynasty,https://fantraxhq.com/fantasy-baseball-dynasty-rankings/
191,Yandy Diaz,1B,TB,Core keeper,Higher,,Overall dynasty,https://fantraxhq.com/fantasy-baseball-dynasty-rankings/
192,Corbin Burnes,SP,AZ,Core keeper,Higher,,Overall dynasty,https://fantraxhq.com/fantasy-baseball-dynasty-rankings/
193,Wilyer Abreu,RF,BOS,Core keeper,Higher,,Overall dynasty,https://fantraxhq.com/fantasy-baseball-dynasty-rankings/
194,Colson Montgomery,SS,CWS,Core keeper,Higher,,Overall dynasty,https://fantraxhq.com/fantasy-baseball-dynasty-rankings/
195,Jakob Marsee,CF,MIA,Core keeper,Higher,,Overall dynasty,https://fantraxhq.com/fantasy-baseball-dynasty-rankings/
196,Daylen Lile,RF,WSH,Core keeper,Higher,,Overall dynasty,https://fantraxhq.com/fantasy-baseball-dynasty-rankings/
197,Nathan Eovaldi,SP,TEX,Core keeper,Higher,QA3 fit,Overall dynasty,https://fantraxhq.com/fantasy-baseball-dynasty-rankings/
198,David Bednar,RP,NYY,Core keeper,Higher,SVH boost,Overall dynasty,https://fantraxhq.com/fantasy-baseball-dynasty-rankings/
199,Cam Smith,RF,HOU,Core keeper,Higher,,Overall dynasty,https://fantraxhq.com/fantasy-baseball-dynasty-rankings/
200,Cade Horton,SP,CHC,Core keeper,Higher,,Overall dynasty,https://fantraxhq.com/fantasy-baseball-dynasty-rankings/
201,Sal Frelick,RF,MIL,Core keeper,Medium,OPS drag,Overall dynasty,https://fantraxhq.com/fantasy-baseball-dynasty-rankings/
202,Justin Steele,SP,CHC,Core keeper,Medium,,Overall dynasty,https://fantraxhq.com/fantasy-baseball-dynasty-rankings/
203,Kade Anderson,SP,SEA,Core keeper,Medium,Deep minors,Overall dynasty,https://fantraxhq.com/fantasy-baseball-dynasty-rankings/
204,Sonny Gray,SP,BOS,Core keeper,Medium,,Overall dynasty,https://fantraxhq.com/fantasy-baseball-dynasty-rankings/
205,Yainer Diaz,C,HOU,Core keeper,Medium,C2 boost,Overall dynasty,https://fantraxhq.com/fantasy-baseball-dynasty-rankings/
206,Tanner Bibee,SP,CLE,Core keeper,Medium,,Overall dynasty,https://fantraxhq.com/fantasy-baseball-dynasty-rankings/
207,Ryan Helsley,RP,BAL,Core keeper,Medium,SVH boost,Overall dynasty,https://fantraxhq.com/fantasy-baseball-dynasty-rankings/
208,Marcelo Mayer,3B,BOS,Core keeper,Medium,,Overall dynasty,https://fantraxhq.com/fantasy-baseball-dynasty-rankings/
209,Ethan Holliday,SS,COL,Core keeper,Medium,Deep minors,Overall dynasty,https://fantraxhq.com/fantasy-baseball-dynasty-rankings/
210,Kyle Teel,C,CWS,Core keeper,Medium,C2 boost,Overall dynasty,https://fantraxhq.com/fantasy-baseball-dynasty-rankings/
211,Ian Happ,LF,CHC,Core keeper,Medium,,Overall dynasty,https://fantraxhq.com/fantasy-baseball-dynasty-rankings/
212,Aaron Nola,SP,PHI,Core keeper,Medium,,Overall dynasty,https://fantraxhq.com/fantasy-baseball-dynasty-rankings/
213,Brandon Woodruff,SP,MIL,Core keeper,Medium,,Overall dynasty,https://fantraxhq.com/fantasy-baseball-dynasty-rankings/
214,Brandon Nimmo,LF,TEX,Core keeper,Medium,,Overall dynasty,https://fantraxhq.com/fantasy-baseball-dynasty-rankings/
215,Taylor Ward,LF,BAL,Core keeper,Medium,,Overall dynasty,https://fantraxhq.com/fantasy-baseball-dynasty-rankings/
216,George Springer,RF,TOR,Core keeper,Medium,,Overall dynasty,https://fantraxhq.com/fantasy-baseball-dynasty-rankings/
217,Gerrit Cole,SP,NYY,Core keeper,Medium,,Overall dynasty,https://fantraxhq.com/fantasy-baseball-dynasty-rankings/
218,Chandler Simpson,CF,TB,Core keeper,Medium,OPS drag,Overall dynasty,https://fantraxhq.com/fantasy-baseball-dynasty-rankings/
219,Rainiel Rodriguez,C,STL,Core keeper,Medium,C2 boost; Deep minors,Overall dynasty,https://fantraxhq.com/fantasy-baseball-dynasty-rankings/
220,Willson Contreras,1B,STL,Core keeper,Medium,,Overall dynasty,https://fantraxhq.com/fantasy-baseball-dynasty-rankings/
221,Mickey Moniak,RF,COL,Core keeper,Medium,,Overall dynasty,https://fantraxhq.com/fantasy-baseball-dynasty-rankings/
222,Eli Willits,SS,WSH,Core keeper,Medium,Deep minors,Overall dynasty,https://fantraxhq.com/fantasy-baseball-dynasty-rankings/
223,Brenton Doyle,CF,COL,Core keeper,Medium,OPS drag,Overall dynasty,https://fantraxhq.com/fantasy-baseball-dynasty-rankings/
224,Daulton Varsho,CF,TOR,Core keeper,Medium,,Overall dynasty,https://fantraxhq.com/fantasy-baseball-dynasty-rankings/
225,Zyhir Hope,CF,LAD,Core keeper,Medium,Deep minors,Overall dynasty,https://fantraxhq.com/fantasy-baseball-dynasty-rankings/
226,Andrew Painter,SP,PHI,Core keeper,Medium,Deep minors,Overall dynasty,https://fantraxhq.com/fantasy-baseball-dynasty-rankings/
227,Josue Briceno,C,DET,Core keeper,Medium,C2 boost; Deep minors,Overall dynasty,https://fantraxhq.com/fantasy-baseball-dynasty-rankings/
228,Jonah Tong,SP,NYM,Core keeper,Medium,Deep minors,Overall dynasty,https://fantraxhq.com/fantasy-baseball-dynasty-rankings/
229,Lazaro Montes,OF,SEA,Core keeper,Medium,Deep minors,Overall dynasty,https://fantraxhq.com/fantasy-baseball-dynasty-rankings/
230,Xavier Edwards,SS,MIA,Core keeper,Medium,OPS drag,Overall dynasty,https://fantraxhq.com/fantasy-baseball-dynasty-rankings/
231,Alejandro Kirk,C,TOR,Core keeper,Medium,C2 boost,Overall dynasty,https://fantraxhq.com/fantasy-baseball-dynasty-rankings/
232,Hurston Waldrep,SP,ATL,Core keeper,Medium,,Overall dynasty,https://fantraxhq.com/fantasy-baseball-dynasty-rankings/
233,Robby Snelling,SP,MIA,Core keeper,Medium,,Overall dynasty,https://fantraxhq.com/fantasy-baseball-dynasty-rankings/
234,Dansby Swanson,SS,CHC,Core keeper,Medium,,Overall dynasty,https://fantraxhq.com/fantasy-baseball-dynasty-rankings/
235,Colton Cowser,LF,BAL,Core keeper,Medium,,Overall dynasty,https://fantraxhq.com/fantasy-baseball-dynasty-rankings/
236,Andrew Abbott,SP,CIN,Core keeper,Medium,,Overall dynasty,https://fantraxhq.com/fantasy-baseball-dynasty-rankings/
237,Jett Williams,SS,NYM,Core keeper,Medium,Deep minors,Overall dynasty,https://fantraxhq.com/fantasy-baseball-dynasty-rankings/
238,Carter Jensen,C,KC,Core keeper,Medium,C2 boost,Overall dynasty,https://fantraxhq.com/fantasy-baseball-dynasty-rankings/
239,Ezequiel Tovar,SS,COL,Core keeper,Medium,,Overall dynasty,https://fantraxhq.com/fantasy-baseball-dynasty-rankings/
240,Coby Mayo,1B,BAL,Core keeper,Medium,,Overall dynasty,https://fantraxhq.com/fantasy-baseball-dynasty-rankings/
241,Masyn Winn,SS,STL,Strong depth,Medium,,Overall dynasty,https://fantraxhq.com/fantasy-baseball-dynasty-rankings/
242,Matt McLain,2B,CIN,Strong depth,Medium,,Overall dynasty,https://fantraxhq.com/fantasy-baseball-dynasty-rankings/
243,Trevor Story,SS,BOS,Strong depth,Medium,,Overall dynasty,https://fantraxhq.com/fantasy-baseball-dynasty-rankings/
244,Max Meyer,SP,MIA,Strong depth,Medium,,Overall dynasty,https://fantraxhq.com/fantasy-baseball-dynasty-rankings/
245,AJ Smith-Shawver,SP,ATL,Strong depth,Medium,,Overall dynasty,https://fantraxhq.com/fantasy-baseball-dynasty-rankings/
246,Brandon Lowe,2B,TB,Strong depth,Medium,,Overall dynasty,https://fantraxhq.com/fantasy-baseball-dynasty-rankings/
247,Trevor Rogers,SP,BAL,Strong depth,Medium,,Overall dynasty,https://fantraxhq.com/fantasy-baseball-dynasty-rankings/
248,Bryan Reynolds,RF,PIT,Strong depth,Medium,,Overall dynasty,https://fantraxhq.com/fantasy-baseball-dynasty-rankings/
249,Mark Vientos,3B,NYM,Strong depth,Medium,,Overall dynasty,https://fantraxhq.com/fantasy-baseball-dynasty-rankings/
250,Alec Burleson,1B,STL,Strong depth,Medium,OPS fit,Overall dynasty,https://fantraxhq.com/fantasy-baseball-dynasty-rankings/
251,Braden Montgomery,OF,CWS,Strong depth,Medium,Deep minors,Overall dynasty,https://fantraxhq.com/fantasy-baseball-dynasty-rankings/
252,Jack Flaherty,SP,DET,Strong depth,Medium,,Overall dynasty,https://fantraxhq.com/fantasy-baseball-dynasty-rankings/
253,Emilio Pagan,RP,CIN,Strong depth,Medium,SVH boost,Overall dynasty,https://fantraxhq.com/fantasy-baseball-dynasty-rankings/
254,Giancarlo Stanton,DH,NYY,Strong depth,Medium,,Overall dynasty,https://fantraxhq.com/fantasy-baseball-dynasty-rankings/
255,Shane McClanahan,SP,TB,Strong depth,Medium,,Overall dynasty,https://fantraxhq.com/fantasy-baseball-dynasty-rankings/
256,Connelly Early,SP,BOS,Strong depth,Medium,,Overall dynasty,https://fantraxhq.com/fantasy-baseball-dynasty-rankings/
257,Seth Hernandez,SP,PIT,Strong depth,Medium,Deep minors,Overall dynasty,https://fantraxhq.com/fantasy-baseball-dynasty-rankings/
258,Lenyn Sosa,2B,CWS,Strong depth,Medium,,Overall dynasty,https://fantraxhq.com/fantasy-baseball-dynasty-rankings/
259,Ramon Laureano,RF,SD,Strong depth,Medium,,Overall dynasty,https://fantraxhq.com/fantasy-baseball-dynasty-rankings/
260,Luis Garcia (2B),2B,WSH,Strong depth,Medium,,Overall dynasty,https://fantraxhq.com/fantasy-baseball-dynasty-rankings/
261,Bryson Stott,2B,PHI,Strong depth,Medium,,Overall dynasty,https://fantraxhq.com/fantasy-baseball-dynasty-rankings/
262,Brett Baty,3B,NYM,Strong depth,Medium,,Overall dynasty,https://fantraxhq.com/fantasy-baseball-dynasty-rankings/
263,Jordan Beck,LF,COL,Strong depth,Medium,,Overall dynasty,https://fantraxhq.com/fantasy-baseball-dynasty-rankings/
264,Munetaka Murakami,1B,CWS,Strong depth,Medium,,Overall dynasty,https://fantraxhq.com/fantasy-baseball-dynasty-rankings/
265,Casey Mize,SP,DET,Strong depth,Medium,,Overall dynasty,https://fantraxhq.com/fantasy-baseball-dynasty-rankings/
266,Ryan Waldschmidt,OF,AZ,Strong depth,Medium,Deep minors,Overall dynasty,https://fantraxhq.com/fantasy-baseball-dynasty-rankings/
267,Gabriel Moreno,C,AZ,Strong depth,Medium,C2 boost,Overall dynasty,https://fantraxhq.com/fantasy-baseball-dynasty-rankings/
268,Abner Uribe,RP,MIL,Strong depth,Medium,SVH boost,Overall dynasty,https://fantraxhq.com/fantasy-baseball-dynasty-rankings/
269,Zac Gallen,SP,FA,Strong depth,Medium,,Overall dynasty,https://fantraxhq.com/fantasy-baseball-dynasty-rankings/
270,Jack Leiter,SP,TEX,Strong depth,Medium,,Overall dynasty,https://fantraxhq.com/fantasy-baseball-dynasty-rankings/
271,Aroldis Chapman,RP,BOS,Strong depth,Medium,SVH boost,Overall dynasty,https://fantraxhq.com/fantasy-baseball-dynasty-rankings/
272,Alex Freeland,SS,LAD,Strong depth,Medium,,Overall dynasty,https://fantraxhq.com/fantasy-baseball-dynasty-rankings/
273,Otto Lopez,2B,MIA,Strong depth,Medium,,Overall dynasty,https://fantraxhq.com/fantasy-baseball-dynasty-rankings/
274,Kaelen Culpepper,SS,MIN,Strong depth,Medium,Deep minors,Overall dynasty,https://fantraxhq.com/fantasy-baseball-dynasty-rankings/
275,Quinn Priester,SP,MIL,Strong depth,Medium,,Overall dynasty,https://fantraxhq.com/fantasy-baseball-dynasty-rankings/
276,Francisco Alvarez,C,NYM,Strong depth,Medium,C2 boost,Overall dynasty,https://fantraxhq.com/fantasy-baseball-dynasty-rankings/
277,Kodai Senga,SP,NYM,Strong depth,Medium,,Overall dynasty,https://fantraxhq.com/fantasy-baseball-dynasty-rankings/
278,Dennis Santana,RP,PIT,Strong depth,Medium,SVH boost,Overall dynasty,https://fantraxhq.com/fantasy-baseball-dynasty-rankings/
279,Brendan Donovan,2B,STL,Strong depth,Medium,,Overall dynasty,https://fantraxhq.com/fantasy-baseball-dynasty-rankings/
280,Ronny Henriquez,RP,MIA,Strong depth,Medium,SVH boost,Overall dynasty,https://fantraxhq.com/fantasy-baseball-dynasty-rankings/
281,Gleyber Torres,2B,DET,Strong depth,Medium,,Overall dynasty,https://fantraxhq.com/fantasy-baseball-dynasty-rankings/
282,Edward Florentino,OF,PIT,Strong depth,Medium,Deep minors,Overall dynasty,https://fantraxhq.com/fantasy-baseball-dynasty-rankings/
283,Trevor Megill,RP,MIL,Strong depth,Medium,SVH boost,Overall dynasty,https://fantraxhq.com/fantasy-baseball-dynasty-rankings/
284,Nolan Schanuel,1B,LAA,Strong depth,Medium,,Overall dynasty,https://fantraxhq.com/fantasy-baseball-dynasty-rankings/
285,Jose Caballero,SS,NYY,Strong depth,Medium,OPS drag,Overall dynasty,https://fantraxhq.com/fantasy-baseball-dynasty-rankings/
286,Reese Olson,SP,DET,Strong depth,Medium,,Overall dynasty,https://fantraxhq.com/fantasy-baseball-dynasty-rankings/
287,Brayan Bello,SP,BOS,Strong depth,Medium,,Overall dynasty,https://fantraxhq.com/fantasy-baseball-dynasty-rankings/
288,Kenley Jansen,RP,LAA,Strong depth,Medium,SVH boost,Overall dynasty,https://fantraxhq.com/fantasy-baseball-dynasty-rankings/
289,Ryan Sloan,SP,SEA,Strong depth,Medium,,Overall dynasty,https://fantraxhq.com/fantasy-baseball-dynasty-rankings/
290,Noah Cameron,SP,KC,Strong depth,Medium,,Overall dynasty,https://fantraxhq.com/fantasy-baseball-dynasty-rankings/
291,Ryan Weathers,SP,MIA,Strong depth,Medium,,Overall dynasty,https://fantraxhq.com/fantasy-baseball-dynasty-rankings/
292,Franklin Arias,SS,BOS,Strong depth,Medium,Deep minors,Overall dynasty,https://fantraxhq.com/fantasy-baseball-dynasty-rankings/
293,Zebby Matthews,SP,MIN,Strong depth,Medium,,Overall dynasty,https://fantraxhq.com/fantasy-baseball-dynasty-rankings/
294,JoJo Parker,SS,TOR,Strong depth,Medium,Deep minors,Overall dynasty,https://fantraxhq.com/fantasy-baseball-dynasty-rankings/
295,Moises Ballesteros,C,CHC,Strong depth,Medium,C2 boost,Overall dynasty,https://fantraxhq.com/fantasy-baseball-dynasty-rankings/
296,Daniel Palencia,RP,CHC,Strong depth,Medium,SVH boost,Overall dynasty,https://fantraxhq.com/fantasy-baseball-dynasty-rankings/
297,Carlos Correa,SS,HOU,Strong depth,Medium,,Overall dynasty,https://fantraxhq.com/fantasy-baseball-dynasty-rankings/
298,Anthony Volpe,SS,NYY,Strong depth,Medium,,Overall dynasty,https://fantraxhq.com/fantasy-baseball-dynasty-rankings/
299,Shane Smith,SP,CWS,Strong depth,Medium,,Overall dynasty,https://fantraxhq.com/fantasy-baseball-dynasty-rankings/
300,Mike Sirota,OF,LAD,Strong depth,Medium,Deep minors,Overall dynasty,https://fantraxhq.com/fantasy-baseball-dynasty-rankings/
301,Max Muncy,3B,LAD,Strong depth,Medium,,Overall dynasty,https://fantraxhq.com/fantasy-baseball-dynasty-rankings/
302,Jamie Arnold,SP,MIA,Strong depth,Medium,Deep minors,Overall dynasty,https://fantraxhq.com/fantasy-baseball-dynasty-rankings/
303,Dalton Rushing,C,LAD,Strong depth,Medium,C2 boost,Overall dynasty,https://fantraxhq.com/fantasy-baseball-dynasty-rankings/
304,Jurickson Profar,LF,ATL,Strong depth,Medium,,Overall dynasty,https://fantraxhq.com/fantasy-baseball-dynasty-rankings/
305,Jordan Lawlar,SS,AZ,Strong depth,Medium,,Overall dynasty,https://fantraxhq.com/fantasy-baseball-dynasty-rankings/
306,Josh Lowe,RF,TB,Strong depth,Medium,,Overall dynasty,https://fantraxhq.com/fantasy-baseball-dynasty-rankings/
307,Riley O'Brien,RP,STL,Strong depth,Medium,SVH boost,Overall dynasty,https://fantraxhq.com/fantasy-baseball-dynasty-rankings/
308,Salvador Perez,C,KC,Strong depth,Medium,C2 boost; OPS fit,Overall dynasty,https://fantraxhq.com/fantasy-baseball-dynasty-rankings/
309,Jorge Polanco,2B,SEA,Strong depth,Medium,,Overall dynasty,https://fantraxhq.com/fantasy-baseball-dynasty-rankings/
310,Triston Casas,1B,BOS,Strong depth,Medium,,Overall dynasty,https://fantraxhq.com/fantasy-baseball-dynasty-rankings/
311,Colt Keith,2B,DET,Strong depth,Medium,,Overall dynasty,https://fantraxhq.com/fantasy-baseball-dynasty-rankings/
312,Braxton Ashcraft,SP,PIT,Strong depth,Medium,,Overall dynasty,https://fantraxhq.com/fantasy-baseball-dynasty-rankings/
313,Ryne Nelson,SP,AZ,Strong depth,Medium,,Overall dynasty,https://fantraxhq.com/fantasy-baseball-dynasty-rankings/
314,Spencer Steer,1B,CIN,Strong depth,Medium,OPS fit,Overall dynasty,https://fantraxhq.com/fantasy-baseball-dynasty-rankings/
315,Taj Bradley,SP,MIN,Strong depth,Medium,,Overall dynasty,https://fantraxhq.com/fantasy-baseball-dynasty-rankings/
316,Aiva Arquette,SS,MIA,Strong depth,Medium,Deep minors,Overall dynasty,https://fantraxhq.com/fantasy-baseball-dynasty-rankings/
317,Alec Bohm,3B,PHI,Strong depth,Medium,,Overall dynasty,https://fantraxhq.com/fantasy-baseball-dynasty-rankings/
318,Joshua Baez,RF,STL,Strong depth,Medium,,Overall dynasty,https://fantraxhq.com/fantasy-baseball-dynasty-rankings/
319,Caleb Durbin,3B,MIL,Strong depth,Medium,,Overall dynasty,https://fantraxhq.com/fantasy-baseball-dynasty-rankings/
320,Will Warren,SP,NYY,Strong depth,Medium,,Overall dynasty,https://fantraxhq.com/fantasy-baseball-dynasty-rankings/
321,Miguel Vargas,3B,CWS,Strong depth,Medium,,Overall dynasty,https://fantraxhq.com/fantasy-baseball-dynasty-rankings/
322,Trent Grisham,CF,NYY,Strong depth,Medium,,Overall dynasty,https://fantraxhq.com/fantasy-baseball-dynasty-rankings/
323,Jeff Hoffman,RP,TOR,Strong depth,Medium,SVH boost,Overall dynasty,https://fantraxhq.com/fantasy-baseball-dynasty-rankings/
324,Cooper Pratt,SS,MIL,Strong depth,Medium,Deep minors,Overall dynasty,https://fantraxhq.com/fantasy-baseball-dynasty-rankings/
325,Mitch Keller,SP,PIT,Strong depth,Medium,,Overall dynasty,https://fantraxhq.com/fantasy-baseball-dynasty-rankings/
326,Bailey Ober,SP,MIN,Strong depth,Medium,QA3 fit,Overall dynasty,https://fantraxhq.com/fantasy-baseball-dynasty-rankings/
327,Carson Williams,SS,TB,Strong depth,Medium,Deep minors,Overall dynasty,https://fantraxhq.com/fantasy-baseball-dynasty-rankings/
328,Dylan Beavers,RF,BAL,Strong depth,Medium,Deep minors,Overall dynasty,https://fantraxhq.com/fantasy-baseball-dynasty-rankings/
329,Eduardo Tait,C,MIN,Strong depth,Medium,C2 boost; Deep minors,Overall dynasty,https://fantraxhq.com/fantasy-baseball-dynasty-rankings/
330,Jung Hoo Lee,CF,SF,Strong depth,Medium,,Overall dynasty,https://fantraxhq.com/fantasy-baseball-dynasty-rankings/
331,David Festa,SP,MIN,Strong depth,Medium,,Overall dynasty,https://fantraxhq.com/fantasy-baseball-dynasty-rankings/
332,Travis Sykora,SP,WSH,Strong depth,Medium,Deep minors,Overall dynasty,https://fantraxhq.com/fantasy-baseball-dynasty-rankings/
333,Ernie Clement,3B,TOR,Strong depth,Medium,,Overall dynasty,https://fantraxhq.com/fantasy-baseball-dynasty-rankings/
334,Luis Gil,SP,NYY,Strong depth,Medium,,Overall dynasty,https://fantraxhq.com/fantasy-baseball-dynasty-rankings/
335,Joe Musgrove,SP,SD,Strong depth,Medium,,Overall dynasty,https://fantraxhq.com/fantasy-baseball-dynasty-rankings/
336,Carlos Estevez,RP,KC,Strong depth,Medium,SVH boost,Overall dynasty,https://fantraxhq.com/fantasy-baseball-dynasty-rankings/
337,Logan Henderson,SP,MIL,Strong depth,Medium,,Overall dynasty,https://fantraxhq.com/fantasy-baseball-dynasty-rankings/
338,Quinn Mathews,SP,STL,Strong depth,Medium,,Overall dynasty,https://fantraxhq.com/fantasy-baseball-dynasty-rankings/
339,Liam Doyle,SP,STL,Strong depth,Medium,Deep minors,Overall dynasty,https://fantraxhq.com/fantasy-baseball-dynasty-rankings/
340,Christian Walker,1B,HOU,Strong depth,Medium,OPS fit,Overall dynasty,https://fantraxhq.com/fantasy-baseball-dynasty-rankings/
341,Christian Moore,2B,LAA,Strong depth,Medium,Deep minors,Overall dynasty,https://fantraxhq.com/fantasy-baseball-dynasty-rankings/
342,Brody Hopkins,SP,TB,Strong depth,Medium,Deep minors,Overall dynasty,https://fantraxhq.com/fantasy-baseball-dynasty-rankings/
343,Troy Melton,RP,DET,Strong depth,Medium,SVH boost,Overall dynasty,https://fantraxhq.com/fantasy-baseball-dynasty-rankings/
344,Xander Bogaerts,SS,SD,Strong depth,Medium,,Overall dynasty,https://fantraxhq.com/fantasy-baseball-dynasty-rankings/
345,Chase Dollander,SP,COL,Strong depth,Medium,,Overall dynasty,https://fantraxhq.com/fantasy-baseball-dynasty-rankings/
346,Robert Suarez,RP,ATL,Strong depth,Medium,SVH boost,Overall dynasty,https://fantraxhq.com/fantasy-baseball-dynasty-rankings/
347,Andrew Vaughn,1B,MIL,Strong depth,Medium,,Overall dynasty,https://fantraxhq.com/fantasy-baseball-dynasty-rankings/
348,Justin Crawford,OF,PHI,Strong depth,Medium,Deep minors,Overall dynasty,https://fantraxhq.com/fantasy-baseball-dynasty-rankings/
349,Grant Taylor,RP,CWS,Strong depth,Medium,SVH boost,Overall dynasty,https://fantraxhq.com/fantasy-baseball-dynasty-rankings/
350,Emmanuel Rodriguez,CF,MIN,Strong depth,Medium,Deep minors,Overall dynasty,https://fantraxhq.com/fantasy-baseball-dynasty-rankings/
351,Tommy Edman,2B,LAD,Strong depth,Medium,,Overall dynasty,https://fantraxhq.com/fantasy-baseball-dynasty-rankings/
352,Clarke Schmidt,SP,NYY,Strong depth,Medium,,Overall dynasty,https://fantraxhq.com/fantasy-baseball-dynasty-rankings/
353,Grant Holmes,SP,ATL,Strong depth,Medium,,Overall dynasty,https://fantraxhq.com/fantasy-baseball-dynasty-rankings/
354,Anthony Santander,RF,TOR,Strong depth,Medium,,Overall dynasty,https://fantraxhq.com/fantasy-baseball-dynasty-rankings/
355,Gage Jump,SP,ATH,Strong depth,Medium,Deep minors,Overall dynasty,https://fantraxhq.com/fantasy-baseball-dynasty-rankings/
356,Evan Carter,CF,TEX,Strong depth,Medium,,Overall dynasty,https://fantraxhq.com/fantasy-baseball-dynasty-rankings/
357,Spencer Arrighetti,SP,HOU,Strong depth,Medium,,Overall dynasty,https://fantraxhq.com/fantasy-baseball-dynasty-rankings/
358,Alfredo Duno,C,CIN,Strong depth,Medium,C2 boost; Deep minors,Overall dynasty,https://fantraxhq.com/fantasy-baseball-dynasty-rankings/
359,Ralphy Velazquez,1B,CLE,Strong depth,Medium,,Overall dynasty,https://fantraxhq.com/fantasy-baseball-dynasty-rankings/
360,Matthew Boyd,SP,CHC,Strong depth,Medium,,Overall dynasty,https://fantraxhq.com/fantasy-baseball-dynasty-rankings/
361,Matt Wallner,RF,MIN,Deep hold,Medium,,Overall dynasty,https://fantraxhq.com/fantasy-baseball-dynasty-rankings/
362,Kyle Finnegan,RP,DET,Deep hold,Medium,SVH boost,Overall dynasty,https://fantraxhq.com/fantasy-baseball-dynasty-rankings/
363,Josh Jung,3B,TEX,Deep hold,Medium,,Overall dynasty,https://fantraxhq.com/fantasy-baseball-dynasty-rankings/
364,Blake Mitchell,C,KC,Deep hold,Medium,C2 boost; Deep minors,Overall dynasty,https://fantraxhq.com/fantasy-baseball-dynasty-rankings/
365,Pete Fairbanks,RP,MIA,Deep hold,Medium,SVH boost,Overall dynasty,https://fantraxhq.com/fantasy-baseball-dynasty-rankings/
366,Logan O'Hoppe,C,LAA,Deep hold,Medium,C2 boost,Overall dynasty,https://fantraxhq.com/fantasy-baseball-dynasty-rankings/
367,Luis Morales,SP,ATH,Deep hold,Medium,,Overall dynasty,https://fantraxhq.com/fantasy-baseball-dynasty-rankings/
368,Luis Arraez,1B,FA,Deep hold,Medium,,Overall dynasty,https://fantraxhq.com/fantasy-baseball-dynasty-rankings/
369,Jose Soriano,SP,LAA,Deep hold,Medium,,Overall dynasty,https://fantraxhq.com/fantasy-baseball-dynasty-rankings/
370,Chase DeLauter,RF,CLE,Deep hold,Medium,Deep minors,Overall dynasty,https://fantraxhq.com/fantasy-baseball-dynasty-rankings/
371,Owen Caissie,RF,CHC,Deep hold,Medium,Deep minors,Overall dynasty,https://fantraxhq.com/fantasy-baseball-dynasty-rankings/
372,Arjun Nimmala,SS,TOR,Deep hold,Medium,Deep minors,Overall dynasty,https://fantraxhq.com/fantasy-baseball-dynasty-rankings/
373,Brandon Pfaadt,SP,AZ,Deep hold,Medium,,Overall dynasty,https://fantraxhq.com/fantasy-baseball-dynasty-rankings/
374,Merrill Kelly,SP,TEX,Deep hold,Medium,,Overall dynasty,https://fantraxhq.com/fantasy-baseball-dynasty-rankings/
375,Josuar Gonzalez,SS,SF,Deep hold,Medium,Deep minors,Overall dynasty,https://fantraxhq.com/fantasy-baseball-dynasty-rankings/
376,Adolis Garcia,RF,TEX,Deep hold,Medium,,Overall dynasty,https://fantraxhq.com/fantasy-baseball-dynasty-rankings/
377,Felnin Celesten,SS,SEA,Deep hold,Medium,Deep minors,Overall dynasty,https://fantraxhq.com/fantasy-baseball-dynasty-rankings/
378,Ha-Seong Kim,SS,ATL,Deep hold,Medium,,Overall dynasty,https://fantraxhq.com/fantasy-baseball-dynasty-rankings/
379,Steele Hall,SS,CIN,Deep hold,Medium,,Overall dynasty,https://fantraxhq.com/fantasy-baseball-dynasty-rankings/
380,Landen Roupp,SP,SF,Deep hold,Medium,,Overall dynasty,https://fantraxhq.com/fantasy-baseball-dynasty-rankings/
381,Joey Cantillo,SP,CLE,Deep hold,Medium,,Overall dynasty,https://fantraxhq.com/fantasy-baseball-dynasty-rankings/
382,Noah Schultz,SP,CWS,Deep hold,Medium,,Overall dynasty,https://fantraxhq.com/fantasy-baseball-dynasty-rankings/
383,Ryan Clifford,1B,NYM,Deep hold,Medium,,Overall dynasty,https://fantraxhq.com/fantasy-baseball-dynasty-rankings/
384,Bryan Abreu,RP,HOU,Deep hold,Medium,SVH boost,Overall dynasty,https://fantraxhq.com/fantasy-baseball-dynasty-rankings/
385,Chase Meidroth,SS,CWS,Deep hold,Medium,,Overall dynasty,https://fantraxhq.com/fantasy-baseball-dynasty-rankings/
386,TJ Friedl,CF,CIN,Deep hold,Medium,,Overall dynasty,https://fantraxhq.com/fantasy-baseball-dynasty-rankings/
387,Theo Gillen,OF,TB,Deep hold,Medium,Deep minors,Overall dynasty,https://fantraxhq.com/fantasy-baseball-dynasty-rankings/
388,Angel Genao,3B,CLE,Deep hold,Medium,,Overall dynasty,https://fantraxhq.com/fantasy-baseball-dynasty-rankings/
389,Marcell Ozuna,DH,FA,Deep hold,Medium,OPS fit,Overall dynasty,https://fantraxhq.com/fantasy-baseball-dynasty-rankings/
390,Cole Young,2B,SEA,Deep hold,Medium,,Overall dynasty,https://fantraxhq.com/fantasy-baseball-dynasty-rankings/
391,Mick Abel,SP,MIN,Deep hold,Medium,,Overall dynasty,https://fantraxhq.com/fantasy-baseball-dynasty-rankings/
392,Brady House,3B,WSH,Deep hold,Medium,,Overall dynasty,https://fantraxhq.com/fantasy-baseball-dynasty-rankings/
393,Harry Ford,C,WSH,Deep hold,Medium,C2 boost; Deep minors,Overall dynasty,https://fantraxhq.com/fantasy-baseball-dynasty-rankings/
394,Cristian Javier,SP,HOU,Deep hold,Medium,,Overall dynasty,https://fantraxhq.com/fantasy-baseball-dynasty-rankings/
395,Joe Boyle,SP,TB,Deep hold,Medium,,Overall dynasty,https://fantraxhq.com/fantasy-baseball-dynasty-rankings/
396,Brooks Lee,3B,MIN,Deep hold,Medium,,Overall dynasty,https://fantraxhq.com/fantasy-baseball-dynasty-rankings/
397,Hayden Birdsong,SP,SF,Deep hold,Medium,,Overall dynasty,https://fantraxhq.com/fantasy-baseball-dynasty-rankings/
398,Jacob Lopez,SP,ATH,Deep hold,Medium,,Overall dynasty,https://fantraxhq.com/fantasy-baseball-dynasty-rankings/
399,Austin Wells,C,NYY,Deep hold,Medium,C2 boost,Overall dynasty,https://fantraxhq.com/fantasy-baseball-dynasty-rankings/
400,Michael Arroyo,SS,SEA,Deep hold,Medium,,Overall dynasty,https://fantraxhq.com/fantasy-baseball-dynasty-rankings/
401,Billy Carlson,SS,CWS,Deep hold,Medium,Deep minors,Overall dynasty,https://fantraxhq.com/fantasy-baseball-dynasty-rankings/
402,Charlie Condon,OF,COL,Deep hold,Medium,Deep minors,Overall dynasty,https://fantraxhq.com/fantasy-baseball-dynasty-rankings/
403,Edgar Quero,C,CWS,Deep hold,Medium,C2 boost,Overall dynasty,https://fantraxhq.com/fantasy-baseball-dynasty-rankings/
404,Carlos Lagrange,SP,NYY,Deep hold,Medium,Deep minors,Overall dynasty,https://fantraxhq.com/fantasy-baseball-dynasty-rankings/
405,Kyson Witherspoon,SP,BOS,Deep hold,Medium,Deep minors,Overall dynasty,https://fantraxhq.com/fantasy-baseball-dynasty-rankings/
406,Jaxon Wiggins,SP,CHC,Deep hold,Medium,,Overall dynasty,https://fantraxhq.com/fantasy-baseball-dynasty-rankings/
407,Jaison Chourio,OF,CLE,Deep hold,Medium,Deep minors,Overall dynasty,https://fantraxhq.com/fantasy-baseball-dynasty-rankings/
408,Brandon Sproat,SP,NYM,Deep hold,Medium,,Overall dynasty,https://fantraxhq.com/fantasy-baseball-dynasty-rankings/
409,Max P Muncy,3B,ATH,Deep hold,Medium,,Overall dynasty,https://fantraxhq.com/fantasy-baseball-dynasty-rankings/
410,Tyler Bremner,SP,LAA,Deep hold,Medium,Deep minors,Overall dynasty,https://fantraxhq.com/fantasy-baseball-dynasty-rankings/
411,Marcus Semien,2B,NYM,Deep hold,Medium,,Overall dynasty,https://fantraxhq.com/fantasy-baseball-dynasty-rankings/
412,Cade Cavalli,SP,WSH,Deep hold,Medium,,Overall dynasty,https://fantraxhq.com/fantasy-baseball-dynasty-rankings/
413,Jake Burger,1B,TEX,Deep hold,Medium,OPS fit,Overall dynasty,https://fantraxhq.com/fantasy-baseball-dynasty-rankings/
414,Joe Mack,C,MIA,Deep hold,Medium,C2 boost; Deep minors,Overall dynasty,https://fantraxhq.com/fantasy-baseball-dynasty-rankings/
415,Brady Singer,SP,CIN,Deep hold,Medium,,Overall dynasty,https://fantraxhq.com/fantasy-baseball-dynasty-rankings/
416,Jonny Farmelo,OF,SEA,Deep hold,Medium,Deep minors,Overall dynasty,https://fantraxhq.com/fantasy-baseball-dynasty-rankings/
417,Will Vest,RP,DET,Deep hold,Medium,SVH boost,Overall dynasty,https://fantraxhq.com/fantasy-baseball-dynasty-rankings/
418,Emil Morales,SS,LAD,Deep hold,Medium,Deep minors,Overall dynasty,https://fantraxhq.com/fantasy-baseball-dynasty-rankings/
419,Randy Rodriguez,RP,SF,Deep hold,Medium,SVH boost,Overall dynasty,https://fantraxhq.com/fantasy-baseball-dynasty-rankings/
420,Lars Nootbaar,LF,STL,Deep hold,Medium,,Overall dynasty,https://fantraxhq.com/fantasy-baseball-dynasty-rankings/
421,Simeon Woods Richardson,SP,MIN,Deep hold,Medium,,Overall dynasty,https://fantraxhq.com/fantasy-baseball-dynasty-rankings/
422,Xavier Isaac,1B,TB,Deep hold,Medium,Deep minors,Overall dynasty,https://fantraxhq.com/fantasy-baseball-dynasty-rankings/
423,Justin Martinez,RP,AZ,Deep hold,Medium,SVH boost,Overall dynasty,https://fantraxhq.com/fantasy-baseball-dynasty-rankings/
424,Josh Smith,SS,TEX,Deep hold,Medium,,Overall dynasty,https://fantraxhq.com/fantasy-baseball-dynasty-rankings/
425,Griffin Jax,RP,TB,Deep hold,Medium,SVH boost,Overall dynasty,https://fantraxhq.com/fantasy-baseball-dynasty-rankings/
426,Ryan Walker,RP,SF,Deep hold,Medium,SVH boost,Overall dynasty,https://fantraxhq.com/fantasy-baseball-dynasty-rankings/
427,Reid Detmers,RP,LAA,Deep hold,Medium,SVH boost,Overall dynasty,https://fantraxhq.com/fantasy-baseball-dynasty-rankings/
428,Ricky Tiedemann,SP,TOR,Deep hold,Medium,,Overall dynasty,https://fantraxhq.com/fantasy-baseball-dynasty-rankings/
429,Kumar Rocker,SP,TEX,Deep hold,Medium,,Overall dynasty,https://fantraxhq.com/fantasy-baseball-dynasty-rankings/
430,Cam Caminiti,SP,ATL,Deep hold,Medium,Deep minors,Overall dynasty,https://fantraxhq.com/fantasy-baseball-dynasty-rankings/
431,Jeferson Quero,C,MIL,Deep hold,Medium,C2 boost,Overall dynasty,https://fantraxhq.com/fantasy-baseball-dynasty-rankings/
432,Connor Norby,3B,MIA,Deep hold,Medium,,Overall dynasty,https://fantraxhq.com/fantasy-baseball-dynasty-rankings/
433,Tink Hence,SP,STL,Deep hold,Medium,,Overall dynasty,https://fantraxhq.com/fantasy-baseball-dynasty-rankings/
434,C.J. Kayfus,1B,CLE,Deep hold,Medium,,Overall dynasty,https://fantraxhq.com/fantasy-baseball-dynasty-rankings/
435,Seth Lugo,SP,KC,Deep hold,Medium,QA3 fit,Overall dynasty,https://fantraxhq.com/fantasy-baseball-dynasty-rankings/
436,Ian Seymour,RP,TB,Deep hold,Medium,SVH boost,Overall dynasty,https://fantraxhq.com/fantasy-baseball-dynasty-rankings/
437,Alex Clemmey,SP,WSH,Deep hold,Medium,,Overall dynasty,https://fantraxhq.com/fantasy-baseball-dynasty-rankings/
438,Kevin Alcantara,RF,CHC,Deep hold,Medium,Deep minors,Overall dynasty,https://fantraxhq.com/fantasy-baseball-dynasty-rankings/
439,JR Ritchie,SP,ATL,Deep hold,Medium,,Overall dynasty,https://fantraxhq.com/fantasy-baseball-dynasty-rankings/
440,Dillon Dingler,C,DET,Deep hold,Medium,C2 boost,Overall dynasty,https://fantraxhq.com/fantasy-baseball-dynasty-rankings/
441,Clay Holmes,SP,NYM,Deep hold,Medium,,Overall dynasty,https://fantraxhq.com/fantasy-baseball-dynasty-rankings/
442,Braylon Payne,OF,MIL,Deep hold,Medium,,Overall dynasty,https://fantraxhq.com/fantasy-baseball-dynasty-rankings/
443,Kyle Harrison,SP,BOS,Deep hold,Medium,,Overall dynasty,https://fantraxhq.com/fantasy-baseball-dynasty-rankings/
444,Victor Scott II,OF,STL,Deep hold,Medium,OPS drag,Overall dynasty,https://fantraxhq.com/fantasy-baseball-dynasty-rankings/
445,Yusei Kikuchi,SP,LAA,Deep hold,Medium,,Overall dynasty,https://fantraxhq.com/fantasy-baseball-dynasty-rankings/
446,Parker Meadows,CF,DET,Deep hold,Medium,,Overall dynasty,https://fantraxhq.com/fantasy-baseball-dynasty-rankings/
447,Chase Petty,SP,CIN,Deep hold,Medium,,Overall dynasty,https://fantraxhq.com/fantasy-baseball-dynasty-rankings/
448,Hagen Smith,SP,CWS,Deep hold,Medium,,Overall dynasty,https://fantraxhq.com/fantasy-baseball-dynasty-rankings/
449,Camilo Doval,RP,NYY,Deep hold,Medium,SVH boost,Overall dynasty,https://fantraxhq.com/fantasy-baseball-dynasty-rankings/
450,Matthew Liberatore,SP,STL,Deep hold,Medium,,Overall dynasty,https://fantraxhq.com/fantasy-baseball-dynasty-rankings/
451,Ronny Mauricio,3B,NYM,Deep hold,Lower,,Overall dynasty,https://fantraxhq.com/fantasy-baseball-dynasty-rankings/
452,Slade Caldwell,OF,AZ,Deep hold,Lower,Deep minors,Overall dynasty,https://fantraxhq.com/fantasy-baseball-dynasty-rankings/
453,Hyeseong Kim,2B,LAD,Deep hold,Lower,,Overall dynasty,https://fantraxhq.com/fantasy-baseball-dynasty-rankings/
454,Jhostynxon Garcia,CF,PIT,Deep hold,Lower,Deep minors,Overall dynasty,https://fantraxhq.com/fantasy-baseball-dynasty-rankings/
455,J.T. Realmuto,C,FA,Deep hold,Lower,C2 boost,Overall dynasty,https://fantraxhq.com/fantasy-baseball-dynasty-rankings/
456,Zack Gelof,2B,ATH,Deep hold,Lower,,Overall dynasty,https://fantraxhq.com/fantasy-baseball-dynasty-rankings/
457,Felix Bautista,RP,BAL,Deep hold,Lower,SVH boost,Overall dynasty,https://fantraxhq.com/fantasy-baseball-dynasty-rankings/
458,Parker Messick,SP,CLE,Deep hold,Lower,,Overall dynasty,https://fantraxhq.com/fantasy-baseball-dynasty-rankings/
459,Mike Yastrzemski,OF,ATL,Deep hold,Lower,,Overall dynasty,https://fantraxhq.com/fantasy-baseball-dynasty-rankings/
460,Jurrangelo Cijntje,SP,SEA,Deep hold,Lower,Deep minors,Overall dynasty,https://fantraxhq.com/fantasy-baseball-dynasty-rankings/
461,Tylor Megill,SP,NYM,Deep hold,Lower,,Overall dynasty,https://fantraxhq.com/fantasy-baseball-dynasty-rankings/
462,Zack Littell,SP,FA,Deep hold,Lower,,Overall dynasty,https://fantraxhq.com/fantasy-baseball-dynasty-rankings/
463,Jarlin Susana,SP,WSH,Deep hold,Lower,Deep minors,Overall dynasty,https://fantraxhq.com/fantasy-baseball-dynasty-rankings/
464,Hunter Barco,SP,PIT,Deep hold,Lower,,Overall dynasty,https://fantraxhq.com/fantasy-baseball-dynasty-rankings/
465,Chad Patrick,SP,MIL,Deep hold,Lower,,Overall dynasty,https://fantraxhq.com/fantasy-baseball-dynasty-rankings/
466,Spencer Jones,CF,NYY,Deep hold,Lower,Deep minors,Overall dynasty,https://fantraxhq.com/fantasy-baseball-dynasty-rankings/
467,Ethan Salas,C,SD,Deep hold,Lower,C2 boost; Deep minors,Overall dynasty,https://fantraxhq.com/fantasy-baseball-dynasty-rankings/
468,Rhett Lowder,SP,CIN,Deep hold,Lower,,Overall dynasty,https://fantraxhq.com/fantasy-baseball-dynasty-rankings/
469,Reynaldo Lopez,SP,ATL,Deep hold,Lower,,Overall dynasty,https://fantraxhq.com/fantasy-baseball-dynasty-rankings/
470,Ben Brown,SP,CHC,Deep hold,Lower,,Overall dynasty,https://fantraxhq.com/fantasy-baseball-dynasty-rankings/
471,Andres Gimenez,2B,TOR,Deep hold,Lower,,Overall dynasty,https://fantraxhq.com/fantasy-baseball-dynasty-rankings/
472,Christian Scott,SP,NYM,Deep hold,Lower,,Overall dynasty,https://fantraxhq.com/fantasy-baseball-dynasty-rankings/
473,Ryan O'Hearn,1B,PIT,Deep hold,Lower,OPS fit,Overall dynasty,https://fantraxhq.com/fantasy-baseball-dynasty-rankings/
474,Jose Berrios,SP,TOR,Deep hold,Lower,,Overall dynasty,https://fantraxhq.com/fantasy-baseball-dynasty-rankings/
475,Jackson Ferris,SP,LAD,Deep hold,Lower,Deep minors,Overall dynasty,https://fantraxhq.com/fantasy-baseball-dynasty-rankings/
476,David Peterson,SP,NYM,Deep hold,Lower,,Overall dynasty,https://fantraxhq.com/fantasy-baseball-dynasty-rankings/
477,Cam Collier,3B,CIN,Deep hold,Lower,Deep minors,Overall dynasty,https://fantraxhq.com/fantasy-baseball-dynasty-rankings/
478,Jacob Reimer,3B,NYM,Deep hold,Lower,Deep minors,Overall dynasty,https://fantraxhq.com/fantasy-baseball-dynasty-rankings/
479,Jordan Walker,RF,STL,Deep hold,Lower,,Overall dynasty,https://fantraxhq.com/fantasy-baseball-dynasty-rankings/
480,Jeremiah Estrada,RP,SD,Deep hold,Lower,SVH boost,Overall dynasty,https://fantraxhq.com/fantasy-baseball-dynasty-rankings/
481,Victor Scott,CF,STL,Deep hold,Lower,OPS drag,Overall dynasty,https://fantraxhq.com/fantasy-baseball-dynasty-rankings/
482,Caden Dana,SP,LAA,Deep hold,Lower,,Overall dynasty,https://fantraxhq.com/fantasy-baseball-dynasty-rankings/
483,Dustin May,SP,BOS,Deep hold,Lower,,Overall dynasty,https://fantraxhq.com/fantasy-baseball-dynasty-rankings/
484,River Ryan,SP,LAD,Deep hold,Lower,,Overall dynasty,https://fantraxhq.com/fantasy-baseball-dynasty-rankings/
485,Brice Matthews,SS,HOU,Deep hold,Lower,Deep minors,Overall dynasty,https://fantraxhq.com/fantasy-baseball-dynasty-rankings/
486,Luisangel Acuna,2B,NYM,Deep hold,Lower,,Overall dynasty,https://fantraxhq.com/fantasy-baseball-dynasty-rankings/
487,Sean Burke,SP,CWS,Deep hold,Lower,,Overall dynasty,https://fantraxhq.com/fantasy-baseball-dynasty-rankings/
488,Carson Whisenhunt,SP,SF,Deep hold,Lower,,Overall dynasty,https://fantraxhq.com/fantasy-baseball-dynasty-rankings/
489,Tyler O'Neill,RF,BAL,Deep hold,Lower,,Overall dynasty,https://fantraxhq.com/fantasy-baseball-dynasty-rankings/
490,Lourdes Gurriel Jr.,LF,AZ,Deep hold,Lower,,Overall dynasty,https://fantraxhq.com/fantasy-baseball-dynasty-rankings/
491,Ben Casparius,RP,LAD,Deep hold,Lower,SVH boost,Overall dynasty,https://fantraxhq.com/fantasy-baseball-dynasty-rankings/
492,Esmerlyn Valdez,OF,PIT,Deep hold,Lower,,Overall dynasty,https://fantraxhq.com/fantasy-baseball-dynasty-rankings/
493,J.P. Crawford,SS,SEA,Deep hold,Lower,,Overall dynasty,https://fantraxhq.com/fantasy-baseball-dynasty-rankings/
494,Andrew Fischer,3B,MIL,Deep hold,Lower,,Overall dynasty,https://fantraxhq.com/fantasy-baseball-dynasty-rankings/
495,Slade Cecconi,SP,CLE,Deep hold,Lower,,Overall dynasty,https://fantraxhq.com/fantasy-baseball-dynasty-rankings/
496,Zach Eflin,SP,FA,Deep hold,Lower,,Overall dynasty,https://fantraxhq.com/fantasy-baseball-dynasty-rankings/
497,Termarr Johnson,SS,PIT,Deep hold,Lower,,Overall dynasty,https://fantraxhq.com/fantasy-baseball-dynasty-rankings/
498,Michael McGreevy,SP,STL,Deep hold,Lower,,Overall dynasty,https://fantraxhq.com/fantasy-baseball-dynasty-rankings/
499,Lucas Giolito,SP,FA,Deep hold,Lower,,Overall dynasty,https://fantraxhq.com/fantasy-baseball-dynasty-rankings/
500,Jacob Melton,LF,HOU,Deep hold,Lower,,Overall dynasty,https://fantraxhq.com/fantasy-baseball-dynasty-rankings/
501,Zac Veen,LF,COL,Very deep / minors,Lower,Deep minors,Overall dynasty,https://fantraxhq.com/fantasy-baseball-dynasty-rankings/
502,Patrick Bailey,C,SF,Very deep / minors,Lower,C2 boost,Catcher depth,https://fantraxhq.com/2026-catcher-rankings-for-dynasty-leagues/
503,Deyvison De Los Santos,3B,MIA,Very deep / minors,Lower,Deep minors,Overall dynasty,https://fantraxhq.com/fantasy-baseball-dynasty-rankings/
504,Ryan Jeffers,C,MIN,Very deep / minors,Lower,C2 boost,MLB depth,https://fantraxhq.com/top-400-rankings-for-the-2026-fantasy-baseball-season/
505,Tyler Stephenson,C,CIN,Very deep / minors,Lower,C2 boost,MLB depth,https://fantraxhq.com/top-400-rankings-for-the-2026-fantasy-baseball-season/
506,Noble Meyer,SP,MIA,Very deep / minors,Lower,Deep minors,Overall dynasty,https://fantraxhq.com/fantasy-baseball-dynasty-rankings/
507,Chris Bassitt,SP,BAL,Very deep / minors,Lower,QA3 fit,MLB depth,https://fantraxhq.com/top-400-rankings-for-the-2026-fantasy-baseball-season/
508,Seranthony Dominguez,RP,CWS,Very deep / minors,Lower,SVH boost,MLB depth,https://fantraxhq.com/top-400-rankings-for-the-2026-fantasy-baseball-season/
509,Sean Manaea,SP,NYM,Very deep / minors,Lower,QA3 fit,MLB depth,https://fantraxhq.com/top-400-rankings-for-the-2026-fantasy-baseball-season/
510,Keibert Ruiz,C,WSH,Very deep / minors,Lower,C2 boost,Catcher depth,https://fantraxhq.com/2026-fantasy-baseball-nl-only-catcher-rankings/
511,Jefferson Rojas,SS,,Very deep / minors,Lower,Deep minors,Prospect depth,https://fantraxhq.com/top-400-fantasy-baseball-prospects-dynasty/
512,Leonardo Bernal,C,,Very deep / minors,Lower,C2 boost; Deep minors,Prospect depth,https://fantraxhq.com/top-400-fantasy-baseball-prospects-dynasty/
513,Thayron Liranzo,C,,Very deep / minors,Lower,C2 boost; Deep minors,Prospect depth,https://fantraxhq.com/top-400-fantasy-baseball-prospects-dynasty/
514,Freddy Fermin,C,SD,Very deep / minors,Lower,C2 boost,MLB depth,https://fantraxhq.com/top-400-rankings-for-the-2026-fantasy-baseball-season/
515,Willi Castro,2B,COL,Very deep / minors,Lower,,MLB depth,https://fantraxhq.com/top-400-rankings-for-the-2026-fantasy-baseball-season/
516,Cedric Mullins II,OF,TB,Very deep / minors,Lower,,MLB depth,https://fantraxhq.com/top-400-rankings-for-the-2026-fantasy-baseball-season/
517,Bo Naylor,C,CLE,Very deep / minors,Lower,C2 boost,MLB depth,https://fantraxhq.com/top-400-rankings-for-the-2026-fantasy-baseball-season/
518,Jameson Taillon,SP,CHC,Very deep / minors,Lower,QA3 fit,MLB depth,https://fantraxhq.com/top-400-rankings-for-the-2026-fantasy-baseball-season/
519,Michael Wacha,SP,KC,Very deep / minors,Lower,QA3 fit,MLB depth,https://fantraxhq.com/top-400-rankings-for-the-2026-fantasy-baseball-season/
520,Brandon Marsh,OF,PHI,Very deep / minors,Lower,,MLB depth,https://fantraxhq.com/top-400-rankings-for-the-2026-fantasy-baseball-season/
521,Didier Fuentes,SP,,Very deep / minors,Lower,Deep minors,Prospect depth,https://fantraxhq.com/top-400-fantasy-baseball-prospects-dynasty/
522,Jake Cronenworth,2B,SD,Very deep / minors,Lower,,MLB depth,https://fantraxhq.com/top-400-rankings-for-the-2026-fantasy-baseball-season/
523,Joey Ortiz,SS,MIL,Very deep / minors,Lower,,MLB depth,https://fantraxhq.com/top-400-rankings-for-the-2026-fantasy-baseball-season/
524,Spencer Horwitz,1B,PIT,Very deep / minors,Lower,,MLB depth,https://fantraxhq.com/top-400-rankings-for-the-2026-fantasy-baseball-season/
525,Pavin Smith,1B,AZ,Very deep / minors,Lower,,MLB depth,https://fantraxhq.com/top-400-rankings-for-the-2026-fantasy-baseball-season/
526,LuJames Groover,3B,,Very deep / minors,Lower,Deep minors,Prospect depth,https://fantraxhq.com/top-400-fantasy-baseball-prospects-dynasty/
527,Jorge Soler,OF,LAA,Very deep / minors,Lower,OPS fit,MLB depth,https://fantraxhq.com/top-400-rankings-for-the-2026-fantasy-baseball-season/
528,Ryan McMahon,3B,NYY,Very deep / minors,Lower,,MLB depth,https://fantraxhq.com/top-400-rankings-for-the-2026-fantasy-baseball-season/
529,Tre' Morgan,1B,,Very deep / minors,Lower,Deep minors,Prospect depth,https://fantraxhq.com/top-400-fantasy-baseball-prospects-dynasty/
530,Matt Brash,RP,,Very deep / minors,Lower,SVH boost,Bullpen depth,https://fantraxhq.com/2026-fantasy-baseball-closer-rankings-and-bullpen-depth-charts/
531,Kayson Cunningham,SS,,Very deep / minors,Lower,Deep minors,Prospect depth,https://fantraxhq.com/top-400-fantasy-baseball-prospects-dynasty/
532,Brayden Taylor,3B,,Very deep / minors,Lower,Deep minors,Prospect depth,https://fantraxhq.com/top-400-fantasy-baseball-prospects-dynasty/
533,Jose Alvarado,RP,,Very deep / minors,Lower,SVH boost,Bullpen depth,https://fantraxhq.com/2026-fantasy-baseball-closer-rankings-and-bullpen-depth-charts/
534,Ben Hess,SP,,Very deep / minors,Lower,Deep minors,Prospect depth,https://fantraxhq.com/top-400-fantasy-baseball-prospects-dynasty/
535,Kevin Ginkel,RP,AZ,Very deep / minors,Lower,SVH boost,MLB depth,https://fantraxhq.com/top-400-rankings-for-the-2026-fantasy-baseball-season/
536,Alex Vesia,RP,LAD,Very deep / minors,Lower,SVH boost,MLB depth,https://fantraxhq.com/top-400-rankings-for-the-2026-fantasy-baseball-season/
537,Cody Ponce,SP,TOR,Very deep / minors,Lower,,MLB depth,https://fantraxhq.com/top-400-rankings-for-the-2026-fantasy-baseball-season/
538,Robert Stephenson,RP,LAA,Very deep / minors,Lower,SVH boost,MLB depth,https://fantraxhq.com/top-400-rankings-for-the-2026-fantasy-baseball-season/
539,Mike Burrows,SP,HOU,Very deep / minors,Lower,,MLB depth,https://fantraxhq.com/top-400-rankings-for-the-2026-fantasy-baseball-season/
540,Luis Severino,SP,ATH,Very deep / minors,Lower,,MLB depth,https://fantraxhq.com/top-400-rankings-for-the-2026-fantasy-baseball-season/
541,Victor Vodnik,RP,COL,Very deep / minors,Lower,SVH boost,MLB depth,https://fantraxhq.com/top-400-rankings-for-the-2026-fantasy-baseball-season/
542,Eduardo Rodriguez,SP,AZ,Very deep / minors,Lower,,MLB depth,https://fantraxhq.com/top-400-rankings-for-the-2026-fantasy-baseball-season/
543,Taylor Rogers,RP,MIN,Very deep / minors,Lower,SVH boost,MLB depth,https://fantraxhq.com/top-400-rankings-for-the-2026-fantasy-baseball-season/
544,Edwin Uceta,RP,TB,Very deep / minors,Lower,SVH boost,MLB depth,https://fantraxhq.com/top-400-rankings-for-the-2026-fantasy-baseball-season/
545,Hunter Gaddis,RP,,Very deep / minors,Lower,SVH boost,Bullpen depth,https://fantraxhq.com/2026-fantasy-baseball-closer-rankings-and-bullpen-depth-charts/
546,Keegan Akin,RP,,Very deep / minors,Lower,SVH boost,Bullpen depth,https://fantraxhq.com/2026-fantasy-baseball-closer-rankings-and-bullpen-depth-charts/
547,Lucas Erceg,RP,,Very deep / minors,Lower,SVH boost,Bullpen depth,https://fantraxhq.com/2026-fantasy-baseball-closer-rankings-and-bullpen-depth-charts/
548,Jordan Leasure,RP,,Very deep / minors,Lower,SVH boost,Bullpen depth,https://fantraxhq.com/2026-fantasy-baseball-closer-rankings-and-bullpen-depth-charts/
549,Garrett Cleavinger,RP,,Very deep / minors,Lower,SVH boost,Bullpen depth,https://fantraxhq.com/2026-fantasy-baseball-closer-rankings-and-bullpen-depth-charts/
550,Justin Sterner,RP,,Very deep / minors,Lower,SVH boost,Bullpen depth,https://fantraxhq.com/2026-fantasy-baseball-closer-rankings-and-bullpen-depth-charts/
551,Kade Strowd,RP,,Very deep / minors,Lower,SVH boost,Bullpen depth,https://fantraxhq.com/2026-fantasy-baseball-closer-rankings-and-bullpen-depth-charts/
552,Hogan Harris,RP,,Very deep / minors,Lower,SVH boost,Bullpen depth,https://fantraxhq.com/2026-fantasy-baseball-closer-rankings-and-bullpen-depth-charts/
553,Nick Martinez,SP,TB,Very deep / minors,Lower,,MLB depth,https://fantraxhq.com/top-400-rankings-for-the-2026-fantasy-baseball-season/
554,Aaron Civale,SP,ATH,Very deep / minors,Lower,,MLB depth,https://fantraxhq.com/top-400-rankings-for-the-2026-fantasy-baseball-season/
555,Andre Pallante,SP,STL,Very deep / minors,Lower,,MLB depth,https://fantraxhq.com/top-400-rankings-for-the-2026-fantasy-baseball-season/
556,Logan Allen,SP,CLE,Very deep / minors,Lower,,MLB depth,https://fantraxhq.com/top-400-rankings-for-the-2026-fantasy-baseball-season/
557,Randy Vasquez,SP,SD,Very deep / minors,Lower,,MLB depth,https://fantraxhq.com/top-400-rankings-for-the-2026-fantasy-baseball-season/
558,Chris Paddack,SP,MIA,Very deep / minors,Lower,,MLB depth,https://fantraxhq.com/top-400-rankings-for-the-2026-fantasy-baseball-season/
559,Michael Lorenzen,SP,COL,Very deep / minors,Lower,,MLB depth,https://fantraxhq.com/top-400-rankings-for-the-2026-fantasy-baseball-season/
560,Adrian Houser,SP,SF,Very deep / minors,Lower,,MLB depth,https://fantraxhq.com/top-400-rankings-for-the-2026-fantasy-baseball-season/
561,Max Scherzer,SP,TOR,Very deep / minors,Lower,,MLB depth,https://fantraxhq.com/top-400-rankings-for-the-2026-fantasy-baseball-season/
562,Dean Kremer,SP,BAL,Very deep / minors,Lower,,MLB depth,https://fantraxhq.com/top-400-rankings-for-the-2026-fantasy-baseball-season/
563,Harrison Bader,OF,SF,Very deep / minors,Lower,,MLB depth,https://fantraxhq.com/top-400-rankings-for-the-2026-fantasy-baseball-season/
564,Jesus Sanchez,OF,TOR,Very deep / minors,Lower,,MLB depth,https://fantraxhq.com/top-400-rankings-for-the-2026-fantasy-baseball-season/
565,Dominic Canzone,OF,SEA,Very deep / minors,Lower,,MLB depth,https://fantraxhq.com/top-400-rankings-for-the-2026-fantasy-baseball-season/
566,Trevor Larnach,OF,MIN,Very deep / minors,Lower,,MLB depth,https://fantraxhq.com/top-400-rankings-for-the-2026-fantasy-baseball-season/
567,Tyler Freeman,OF,COL,Very deep / minors,Lower,,MLB depth,https://fantraxhq.com/top-400-rankings-for-the-2026-fantasy-baseball-season/
568,Wenceel Perez,OF,DET,Very deep / minors,Lower,,MLB depth,https://fantraxhq.com/top-400-rankings-for-the-2026-fantasy-baseball-season/
569,Lane Thomas,OF,KC,Very deep / minors,Lower,,MLB depth,https://fantraxhq.com/top-400-rankings-for-the-2026-fantasy-baseball-season/
570,Andrew Benintendi,OF,CWS,Very deep / minors,Lower,,MLB depth,https://fantraxhq.com/top-400-rankings-for-the-2026-fantasy-baseball-season/
571,Kyle Isbel,OF,KC,Very deep / minors,Lower,,MLB depth,https://fantraxhq.com/top-400-rankings-for-the-2026-fantasy-baseball-season/
572,Nick Castellanos,OF,SD,Very deep / minors,Lower,,MLB depth,https://fantraxhq.com/top-400-rankings-for-the-2026-fantasy-baseball-season/
573,Gavin Sheets,OF,SD,Very deep / minors,Lower,,MLB depth,https://fantraxhq.com/top-400-rankings-for-the-2026-fantasy-baseball-season/
574,Joc Pederson,UT,TEX,Very deep / minors,Lower,,MLB depth,https://fantraxhq.com/top-400-rankings-for-the-2026-fantasy-baseball-season/
575,Sean Murphy,C,ATL,Very deep / minors,Lower,C2 boost,Catcher depth,https://fantraxhq.com/2026-fantasy-baseball-nl-only-catcher-rankings/
576,Jeff McNeil,2B,ATH,Very deep / minors,Lower,,MLB depth,https://fantraxhq.com/top-400-rankings-for-the-2026-fantasy-baseball-season/
577,Carson Kelly,C,CHC,Very deep / minors,Lower,C2 boost,MLB depth,https://fantraxhq.com/top-400-rankings-for-the-2026-fantasy-baseball-season/
578,Luis Rengifo,2B,MIL,Very deep / minors,Lower,,MLB depth,https://fantraxhq.com/top-400-rankings-for-the-2026-fantasy-baseball-season/
579,Joey Bart,C,PIT,Very deep / minors,Lower,C2 boost,Catcher depth,https://fantraxhq.com/2026-fantasy-baseball-nl-only-catcher-rankings/
580,Brayan Rocchio,SS,CLE,Very deep / minors,Lower,,MLB depth,https://fantraxhq.com/top-400-rankings-for-the-2026-fantasy-baseball-season/
581,Connor Wong,C,BOS,Very deep / minors,Lower,C2 boost,Catcher depth,https://fantraxhq.com/2026-catcher-rankings-al-catcher-rankings/
582,Danny Jansen,C,TEX,Very deep / minors,Lower,C2 boost,Catcher depth,https://fantraxhq.com/2026-catcher-rankings-al-catcher-rankings/
583,Ke'Bryan Hayes,3B,CIN,Very deep / minors,Lower,,MLB depth,https://fantraxhq.com/top-400-rankings-for-the-2026-fantasy-baseball-season/
584,Nasim Nunez,SS,WSH,Very deep / minors,Lower,OPS drag,MLB depth,https://fantraxhq.com/top-400-rankings-for-the-2026-fantasy-baseball-season/
585,Jared Triolo,3B,PIT,Very deep / minors,Lower,,MLB depth,https://fantraxhq.com/top-400-rankings-for-the-2026-fantasy-baseball-season/
586,Nick Fortes,C,TB,Very deep / minors,Lower,C2 boost,Catcher depth,https://fantraxhq.com/2026-catcher-rankings-al-catcher-rankings/
587,Miguel Amaya,C,CHC,Very deep / minors,Lower,C2 boost,Catcher depth,https://fantraxhq.com/2026-fantasy-baseball-nl-only-catcher-rankings/
588,Liam Hicks,C,MIA,Very deep / minors,Lower,C2 boost,Catcher depth,https://fantraxhq.com/2026-fantasy-baseball-nl-only-catcher-rankings/
589,Pedro Pages,C,STL,Very deep / minors,Lower,C2 boost,Catcher depth,https://fantraxhq.com/2026-fantasy-baseball-nl-only-catcher-rankings/
590,Victor Caratini,C,MIN,Very deep / minors,Lower,C2 boost,MLB depth,https://fantraxhq.com/top-400-rankings-for-the-2026-fantasy-baseball-season/
591,Carlos Narvaez,C,BOS,Very deep / minors,Lower,C2 boost,Catcher depth,https://fantraxhq.com/2026-catcher-rankings-al-catcher-rankings/
592,Ike Irish,C,,Very deep / minors,Lower,C2 boost; Deep minors,Prospect depth,https://fantraxhq.com/top-400-fantasy-baseball-prospects-dynasty/
593,Tommy Troy,SS,,Very deep / minors,Lower,Deep minors,Prospect depth,https://fantraxhq.com/top-400-fantasy-baseball-prospects-dynasty/
594,Tommy White,3B,,Very deep / minors,Lower,Deep minors,Prospect depth,https://fantraxhq.com/top-400-fantasy-baseball-prospects-dynasty/
595,Kendry Chourio,OF,,Very deep / minors,Lower,Deep minors,Prospect depth,https://fantraxhq.com/top-400-fantasy-baseball-prospects-dynasty/
596,Wehiwa Aloy,SS,,Very deep / minors,Lower,Deep minors,Prospect depth,https://fantraxhq.com/top-400-fantasy-baseball-prospects-dynasty/
597,Aroon Escobar,2B,,Very deep / minors,Lower,Deep minors,Prospect depth,https://fantraxhq.com/top-400-fantasy-baseball-prospects-dynasty/
598,Blake Burke,1B,,Very deep / minors,Lower,Deep minors,Prospect depth,https://fantraxhq.com/top-400-fantasy-baseball-prospects-dynasty/
599,Diego Tornes,OF,,Very deep / minors,Lower,Deep minors,Prospect depth,https://fantraxhq.com/top-400-fantasy-baseball-prospects-dynasty/
600,Alejandro Rosario,SP,,Very deep / minors,Lower,Deep minors,Prospect depth,https://fantraxhq.com/top-400-fantasy-baseball-prospects-dynasty/
601,Marco Dinges,C,,Very deep / minors,Lower,C2 boost; Deep minors,Prospect depth,https://fantraxhq.com/top-400-fantasy-baseball-prospects-dynasty/
602,Billy Amick,3B,,Very deep / minors,Lower,Deep minors,Prospect depth,https://fantraxhq.com/top-400-fantasy-baseball-prospects-dynasty/
603,Gavin Kilen,2B,,Very deep / minors,Lower,Deep minors,Prospect depth,https://fantraxhq.com/top-400-fantasy-baseball-prospects-dynasty/
604,Dakota Jordan,OF,,Very deep / minors,Lower,Deep minors,Prospect depth,https://fantraxhq.com/top-400-fantasy-baseball-prospects-dynasty/
605,Andrew Salas,SS,,Very deep / minors,Lower,Deep minors,Prospect depth,https://fantraxhq.com/top-400-fantasy-baseball-prospects-dynasty/
606,Sammy Stafura,SS,,Very deep / minors,Lower,Deep minors,Prospect depth,https://fantraxhq.com/top-400-fantasy-baseball-prospects-dynasty/
607,Zach Ehrhard,OF,,Very deep / minors,Lower,Deep minors,Prospect depth,https://fantraxhq.com/top-400-fantasy-baseball-prospects-dynasty/
608,Creed Willems,C,,Very deep / minors,Lower,C2 boost; Deep minors,Prospect depth,https://fantraxhq.com/top-400-fantasy-baseball-prospects-dynasty/
609,Dylan Jordan,OF,,Very deep / minors,Lower,Deep minors,Prospect depth,https://fantraxhq.com/top-400-fantasy-baseball-prospects-dynasty/
610,Kevin Parada,C,,Very deep / minors,Lower,C2 boost; Deep minors,Prospect depth,https://fantraxhq.com/top-400-fantasy-baseball-prospects-dynasty/
611,Starlyn Caba,SS,,Very deep / minors,Lower,Deep minors,Prospect depth,https://fantraxhq.com/top-400-fantasy-baseball-prospects-dynasty/
612,Matthew Etzel,OF,,Very deep / minors,Lower,Deep minors,Prospect depth,https://fantraxhq.com/top-400-fantasy-baseball-prospects-dynasty/
613,Cooper Kinney,2B,,Very deep / minors,Lower,Deep minors,Prospect depth,https://fantraxhq.com/top-400-fantasy-baseball-prospects-dynasty/
614,Yohandy Morales,3B,,Very deep / minors,Lower,Deep minors,Prospect depth,https://fantraxhq.com/top-400-fantasy-baseball-prospects-dynasty/
615,Kendall George,OF,,Very deep / minors,Lower,Deep minors,Prospect depth,https://fantraxhq.com/top-400-fantasy-baseball-prospects-dynasty/
616,Denzer Guzman,SS,,Very deep / minors,Lower,Deep minors,Prospect depth,https://fantraxhq.com/top-400-fantasy-baseball-prospects-dynasty/
617,Yoeilin Cespedes,3B,,Very deep / minors,Lower,Deep minors,Prospect depth,https://fantraxhq.com/top-400-fantasy-baseball-prospects-dynasty/
618,Everson Pereira,OF,,Very deep / minors,Lower,Deep minors,Prospect depth,https://fantraxhq.com/top-400-fantasy-baseball-prospects-dynasty/
619,Reed Trimble,OF,,Very deep / minors,Lower,Deep minors,Prospect depth,https://fantraxhq.com/top-400-fantasy-baseball-prospects-dynasty/
620,Jorbit Vivas,2B,,Very deep / minors,Lower,Deep minors,Prospect depth,https://fantraxhq.com/top-400-fantasy-baseball-prospects-dynasty/
621,Blaze Jordan,1B,,Very deep / minors,Lower,Deep minors,Prospect depth,https://fantraxhq.com/top-400-fantasy-baseball-prospects-dynasty/
622,Carson Palmquist,SP,,Very deep / minors,Lower,Deep minors,Prospect depth,https://fantraxhq.com/top-400-fantasy-baseball-prospects-dynasty/
623,Henry Baez,SP,,Very deep / minors,Lower,Deep minors,Prospect depth,https://fantraxhq.com/top-400-fantasy-baseball-prospects-dynasty/
624,Michael Kennedy,SP,,Very deep / minors,Lower,Deep minors,Prospect depth,https://fantraxhq.com/top-400-fantasy-baseball-prospects-dynasty/
625,Dalton Pence,SP,,Very deep / minors,Lower,Deep minors,Prospect depth,https://fantraxhq.com/top-400-fantasy-baseball-prospects-dynasty/
626,Ayden Johnson,3B,,Very deep / minors,Lower,Deep minors,Prospect depth,https://fantraxhq.com/top-400-fantasy-baseball-prospects-dynasty/
627,Jedixson Paez,SP,,Very deep / minors,Lower,Deep minors,Prospect depth,https://fantraxhq.com/top-400-fantasy-baseball-prospects-dynasty/
628,Matt Wilkinson,SP,,Very deep / minors,Lower,Deep minors,Prospect depth,https://fantraxhq.com/top-400-fantasy-baseball-prospects-dynasty/
629,Andrew Morris,SP,,Very deep / minors,Lower,Deep minors,Prospect depth,https://fantraxhq.com/top-400-fantasy-baseball-prospects-dynasty/
630,Joshua Kuroda-Grauer,SS,,Very deep / minors,Lower,Deep minors,Prospect depth,https://fantraxhq.com/top-400-fantasy-baseball-prospects-dynasty/
631,Griffin Herring,SP,,Very deep / minors,Lower,Deep minors,Prospect depth,https://fantraxhq.com/top-400-fantasy-baseball-prospects-dynasty/
632,Marco Luciano,SS,,Very deep / minors,Lower,Deep minors,Prospect depth,https://fantraxhq.com/top-400-fantasy-baseball-prospects-dynasty/
633,Nico Perez,C,,Very deep / minors,Lower,C2 boost; Deep minors,Prospect depth,https://fantraxhq.com/top-400-fantasy-baseball-prospects-dynasty/
634,Cole Mathis,3B,,Very deep / minors,Lower,Deep minors,Prospect depth,https://fantraxhq.com/top-400-fantasy-baseball-prospects-dynasty/
635,Tommy Hawke,OF,,Very deep / minors,Lower,Deep minors,Prospect depth,https://fantraxhq.com/top-400-fantasy-baseball-prospects-dynasty/
636,Carson Roccaforte,OF,,Very deep / minors,Lower,Deep minors,Prospect depth,https://fantraxhq.com/top-400-fantasy-baseball-prospects-dynasty/
637,Brad Lord,RP,WSH,Very deep / minors,Lower,SVH boost,MLB depth,https://fantraxhq.com/top-400-rankings-for-the-2026-fantasy-baseball-season/
638,A.J. Vukovich,OF,,Very deep / minors,Lower,Deep minors,Prospect depth,https://fantraxhq.com/top-400-fantasy-baseball-prospects-dynasty/
639,Matt Svanson,RP,STL,Very deep / minors,Lower,SVH boost,MLB depth,https://fantraxhq.com/top-400-rankings-for-the-2026-fantasy-baseball-season/
640,Jose Fermin,SS,,Very deep / minors,Lower,Deep minors,Prospect depth,https://fantraxhq.com/top-400-fantasy-baseball-prospects-dynasty/
641,Robert Garcia,RP,TEX,Very deep / minors,Lower,SVH boost,MLB depth,https://fantraxhq.com/top-400-rankings-for-the-2026-fantasy-baseball-season/
642,Sayer Diederich,SP,,Very deep / minors,Lower,Deep minors,Prospect depth,https://fantraxhq.com/top-400-fantasy-baseball-prospects-dynasty/
643,Kyle Higashioka,C,TEX,Very deep / minors,Lower,C2 boost,Catcher depth,https://fantraxhq.com/2026-catcher-rankings-al-catcher-rankings/
644,Miles Mikolas,SP,WSH,Very deep / minors,Lower,,MLB depth,https://fantraxhq.com/top-400-rankings-for-the-2026-fantasy-baseball-season/
645,Johan Oviedo,SP,BOS,Very deep / minors,Lower,,MLB depth,https://fantraxhq.com/top-400-rankings-for-the-2026-fantasy-baseball-season/
646,Josh Bell,1B,MIN,Very deep / minors,Lower,,MLB depth,https://fantraxhq.com/top-400-rankings-for-the-2026-fantasy-baseball-season/
647,Michael Soroka,SP,ARZ,Very deep / minors,Lower,,MLB depth,https://fantraxhq.com/top-400-rankings-for-the-2026-fantasy-baseball-season/
648,Dante Nori,OF,,Very deep / minors,Lower,Deep minors,Prospect depth,https://fantraxhq.com/top-400-fantasy-baseball-prospects-dynasty/
649,Jimmy Crooks,C,,Very deep / minors,Lower,C2 boost; Deep minors,Prospect depth,https://fantraxhq.com/top-400-fantasy-baseball-prospects-dynasty/
650,Steven Matz,SP,TB,Very deep / minors,Lower,,MLB depth,https://fantraxhq.com/top-400-rankings-for-the-2026-fantasy-baseball-season/
651,Christian Zazueta,SS,,Very deep / minors,Lower,Deep minors,Prospect depth,https://fantraxhq.com/top-400-fantasy-baseball-prospects-dynasty/
652,Yairo Padilla,SS,,Very deep / minors,Lower,Deep minors,Prospect depth,https://fantraxhq.com/top-400-fantasy-baseball-prospects-dynasty/
653,Jose Corniell,SP,,Very deep / minors,Lower,Deep minors,Prospect depth,https://fantraxhq.com/top-400-fantasy-baseball-prospects-dynasty/
654,Trey Gibson,SP,,Very deep / minors,Lower,Deep minors,Prospect depth,https://fantraxhq.com/top-400-fantasy-baseball-prospects-dynasty/
655,Kendry Rojas,SP,,Very deep / minors,Lower,Deep minors,Prospect depth,https://fantraxhq.com/top-400-fantasy-baseball-prospects-dynasty/
656,Trevor Harrison,SP,,Very deep / minors,Lower,Deep minors,Prospect depth,https://fantraxhq.com/top-400-fantasy-baseball-prospects-dynasty/
657,Dasan Hill,SP,,Very deep / minors,Lower,Deep minors,Prospect depth,https://fantraxhq.com/top-400-fantasy-baseball-prospects-dynasty/
658,Keiner Delgado,SS,,Very deep / minors,Lower,Deep minors,Prospect depth,https://fantraxhq.com/top-400-fantasy-baseball-prospects-dynasty/
659,K.C. Hunt,SP,,Very deep / minors,Lower,Deep minors,Prospect depth,https://fantraxhq.com/top-400-fantasy-baseball-prospects-dynasty/
660,David Hagaman,SP,,Very deep / minors,Lower,Deep minors,Prospect depth,https://fantraxhq.com/top-400-fantasy-baseball-prospects-dynasty/
661,Karson Milbrandt,SP,,Very deep / minors,Lower,Deep minors,Prospect depth,https://fantraxhq.com/top-400-fantasy-baseball-prospects-dynasty/
662,Zach Cole,C,,Very deep / minors,Lower,C2 boost; Deep minors,Prospect depth,https://fantraxhq.com/top-400-fantasy-baseball-prospects-dynasty/
663,Carlos Gutierrez,SP,,Very deep / minors,Lower,Deep minors,Prospect depth,https://fantraxhq.com/top-400-fantasy-baseball-prospects-dynasty/
664,David Sandlin,SP,,Very deep / minors,Lower,Deep minors,Prospect depth,https://fantraxhq.com/top-400-fantasy-baseball-prospects-dynasty/
665,Jogly Garcia,3B,,Very deep / minors,Lower,Deep minors,Prospect depth,https://fantraxhq.com/top-400-fantasy-baseball-prospects-dynasty/
666,Josh Hartle,SP,,Very deep / minors,Lower,Deep minors,Prospect depth,https://fantraxhq.com/top-400-fantasy-baseball-prospects-dynasty/
667,William Bergolla,SS,,Very deep / minors,Lower,Deep minors,Prospect depth,https://fantraxhq.com/top-400-fantasy-baseball-prospects-dynasty/
668,Jhancarlos Lara,OF,,Very deep / minors,Lower,Deep minors,Prospect depth,https://fantraxhq.com/top-400-fantasy-baseball-prospects-dynasty/
669,Jean Carlos Sio,SS,,Very deep / minors,Lower,Deep minors,Prospect depth,https://fantraxhq.com/top-400-fantasy-baseball-prospects-dynasty/
670,Noah Mendlinger,SS,,Very deep / minors,Lower,Deep minors,Prospect depth,https://fantraxhq.com/top-400-fantasy-baseball-prospects-dynasty/
671,Elijah Hainline,OF,,Very deep / minors,Lower,Deep minors,Prospect depth,https://fantraxhq.com/top-400-fantasy-baseball-prospects-dynasty/
672,Ramon Ramirez,,,Very deep / minors,Lower,Deep minors,Prospect depth,https://fantraxhq.com/top-400-fantasy-baseball-prospects-dynasty/
673,Devin Fitz-Gerald,,,Very deep / minors,Lower,Deep minors,Prospect depth,https://fantraxhq.com/top-400-fantasy-baseball-prospects-dynasty/
674,Nestor German,,,Very deep / minors,Lower,Deep minors,Prospect depth,https://fantraxhq.com/top-400-fantasy-baseball-prospects-dynasty/
675,Benny Thompson,,,Very deep / minors,Lower,Deep minors,Prospect depth,https://fantraxhq.com/top-400-fantasy-baseball-prospects-dynasty/
676,Marshall Toole,,,Very deep / minors,Lower,Deep minors,Prospect depth,https://fantraxhq.com/top-400-fantasy-baseball-prospects-dynasty/
677,Yorger Bautista,,,Very deep / minors,Lower,Deep minors,Prospect depth,https://fantraxhq.com/top-400-fantasy-baseball-prospects-dynasty/
678,Joe Glassey,,,Very deep / minors,Lower,Deep minors,Prospect depth,https://fantraxhq.com/top-400-fantasy-baseball-prospects-dynasty/
679,Luke Nowak,,,Very deep / minors,Lower,Deep minors,Prospect depth,https://fantraxhq.com/top-400-fantasy-baseball-prospects-dynasty/
680,Ryan Lambert,,,Very deep / minors,Lower,Deep minors,Prospect depth,https://fantraxhq.com/top-400-fantasy-baseball-prospects-dynasty/
681,Braylin Morel,,,Very deep / minors,Lower,Deep minors,Prospect depth,https://fantraxhq.com/top-400-fantasy-baseball-prospects-dynasty/
682,Yondrei Rojas,,,Very deep / minors,Lower,Deep minors,Prospect depth,https://fantraxhq.com/top-400-fantasy-baseball-prospects-dynasty/
683,Nigel Belgrave,,,Very deep / minors,Lower,Deep minors,Prospect depth,https://fantraxhq.com/top-400-fantasy-baseball-prospects-dynasty/
684,Angel Feliz,,,Very deep / minors,Lower,Deep minors,Prospect depth,https://fantraxhq.com/top-400-fantasy-baseball-prospects-dynasty/
685,Carson Hobbs,,,Very deep / minors,Lower,Deep minors,Prospect depth,https://fantraxhq.com/top-400-fantasy-baseball-prospects-dynasty/
686,Tanner McDougal,,,Very deep / minors,Lower,Deep minors,Prospect depth,https://fantraxhq.com/top-400-fantasy-baseball-prospects-dynasty/
687,Keyner Benitez,,,Very deep / minors,Lower,Deep minors,Prospect depth,https://fantraxhq.com/top-400-fantasy-baseball-prospects-dynasty/
688,Andy Fabian,,,Very deep / minors,Lower,Deep minors,Prospect depth,https://fantraxhq.com/top-400-fantasy-baseball-prospects-dynasty/
689,Charlie Szykowny,,,Very deep / minors,Lower,Deep minors,Prospect depth,https://fantraxhq.com/top-400-fantasy-baseball-prospects-dynasty/
690,Joey Volini,,,Very deep / minors,Lower,Deep minors,Prospect depth,https://fantraxhq.com/top-400-fantasy-baseball-prospects-dynasty/
691,Ryan Forcucci,,,Very deep / minors,Lower,Deep minors,Prospect depth,https://fantraxhq.com/top-400-fantasy-baseball-prospects-dynasty/
692,Adonys Guzman,,,Very deep / minors,Lower,Deep minors,Prospect depth,https://fantraxhq.com/top-400-fantasy-baseball-prospects-dynasty/
693,Saul Garcia,,,Very deep / minors,Lower,Deep minors,Prospect depth,https://fantraxhq.com/top-400-fantasy-baseball-prospects-dynasty/
694,Eddie Micheletti Jr.,,,Very deep / minors,Lower,Deep minors,Prospect depth,https://fantraxhq.com/top-400-fantasy-baseball-prospects-dynasty/
695,Chris Veach,,,Very deep / minors,Lower,Deep minors,Prospect depth,https://fantraxhq.com/top-400-fantasy-baseball-prospects-dynasty/
696,Mike Paredes,,,Very deep / minors,Lower,Deep minors,Prospect depth,https://fantraxhq.com/top-400-fantasy-baseball-prospects-dynasty/
